customer_id,gender,occupation,annual_salary_gbp,credit_card_utilization_pct,on_time_payment_ratio_pct,mortgage_status,rent_payment_monthly_gbp,rent_on_time_rate_pct,utility_bills_on_time_pct,mobile_money_active,mobile_money_tx_monthly,mobile_money_age_days,preferred_loan_term_months,existing_loans_count,months_credit_history,credit_score
CUST-000001,Female,Unskilled,12633.0,49.3,63.6,Current,0.0,,81.5,False,0,0,48,1,49,601
CUST-000002,Male,Skilled,15090.0,62.3,94.0,Arrears,0.0,,76.3,True,16,1979,24,1,96,546
CUST-000003,Female,Unemployed,14834.0,67.5,68.7,Current,0.0,,99.6,False,0,0,24,0,54,628
CUST-000004,Female,Skilled,88028.0,39.1,92.1,Current,0.0,,87.8,True,12,1543,48,1,138,696
CUST-000005,Male,Professional,34749.0,46.5,80.5,None,1219.0,90.7,89.6,False,0,0,36,1,85,624
CUST-000006,Other,Unskilled,11138.0,31.9,76.2,None,1214.0,79.7,95.8,False,0,0,36,1,110,584
CUST-000007,Female,Skilled,10815.0,45.6,74.4,Current,0.0,,81.2,True,12,509,24,2,83,576
CUST-000008,Female,Professional,38567.0,41.3,69.8,Current,0.0,,82.1,True,22,562,36,0,197,604
CUST-000009,Male,Professional,37333.0,36.2,71.5,None,538.0,93.9,85.9,False,0,0,36,2,70,576
CUST-000010,Male,Self-Employed,24082.0,37.8,73.3,Current,0.0,,91.7,True,15,322,60,2,43,617
CUST-000011,Male,Professional,47554.0,44.0,95.9,Current,0.0,,83.4,True,7,1808,48,1,73,613
CUST-000012,Female,Clerical,32139.0,29.1,87.7,None,508.0,90.2,85.6,False,0,0,12,2,66,599
CUST-000013,Female,Professional,49781.0,30.2,72.2,None,966.0,57.2,74.9,True,17,820,24,0,88,598
CUST-000014,Female,Skilled,25669.0,69.1,77.6,Current,0.0,,78.1,True,20,1879,36,2,67,595
CUST-000015,Male,Clerical,16387.0,89.2,91.5,None,912.0,79.1,95.1,True,17,328,36,1,82,637
CUST-000016,Male,Skilled,39932.0,10.9,86.7,None,979.0,96.6,99.8,True,12,144,24,1,44,674
CUST-000017,Female,Clerical,27055.0,9.8,71.0,Current,0.0,,84.8,True,14,1676,48,1,68,668
CUST-000018,Male,Professional,64200.0,15.9,95.6,Arrears,0.0,,98.0,True,14,1787,36,0,86,607
CUST-000019,Female,Skilled,42228.0,32.9,78.1,None,664.0,98.4,87.5,False,0,0,12,2,119,680
CUST-000020,Female,Clerical,14189.0,,83.7,None,1053.0,92.0,82.0,True,13,1037,12,4,47,552
CUST-000021,Female,Skilled,15520.0,46.8,46.1,Current,0.0,,77.4,False,0,0,36,0,46,570
CUST-000022,Male,Professional,30638.0,,46.5,None,1124.0,69.6,75.1,False,0,0,48,0,82,580
CUST-000023,Other,Professional,26761.0,45.6,81.2,Current,0.0,,87.1,False,0,0,24,1,114,582
CUST-000024,Female,Clerical,37792.0,21.2,87.3,Current,0.0,,90.5,True,21,1647,24,0,29,639
CUST-000025,Female,Skilled,34662.0,30.1,82.0,None,316.0,61.3,68.2,True,13,449,24,0,113,662
CUST-000026,Male,Clerical,44118.0,34.6,95.2,Current,0.0,,93.4,True,15,950,24,0,110,642
CUST-000027,Male,Unskilled,24119.0,3.3,52.5,None,400.0,82.8,99.9,False,0,0,36,1,76,636
CUST-000028,Male,Clerical,29552.0,11.8,94.5,Current,0.0,,92.2,False,0,0,24,0,87,660
CUST-000029,Male,Skilled,50776.0,12.6,80.0,Arrears,0.0,,87.8,True,8,942,48,4,137,597
CUST-000030,Female,Skilled,36559.0,50.3,74.7,None,1070.0,65.9,70.1,False,0,0,24,1,68,564
CUST-000031,Female,Professional,44385.0,39.9,79.7,None,657.0,54.5,75.9,True,12,1327,48,1,52,637
CUST-000032,Other,Skilled,57614.0,47.2,96.6,Current,0.0,,83.9,True,15,2105,60,1,117,700
CUST-000033,Male,Clerical,28334.0,0.0,89.0,Current,0.0,,37.2,True,13,1464,24,1,99,662
CUST-000034,Male,Clerical,23460.0,5.3,55.9,None,1343.0,41.7,90.7,True,15,85,60,1,30,609
CUST-000035,Male,Professional,29525.0,48.3,58.2,None,1025.0,66.0,77.1,False,0,0,36,0,156,653
CUST-000036,Male,Self-Employed,44297.0,0.0,81.1,None,966.0,45.9,,False,0,0,48,0,104,686
CUST-000037,Male,Unemployed,14083.0,59.5,65.5,Current,0.0,,97.5,True,9,1320,24,1,48,556
CUST-000038,Male,Professional,42076.0,0.0,95.9,None,660.0,95.0,78.0,True,14,1927,48,0,106,738
CUST-000039,Male,Skilled,53310.0,51.9,92.1,None,1171.0,59.6,80.0,False,0,0,36,2,106,659
CUST-000040,Female,Self-Employed,13304.0,17.2,50.6,None,1120.0,80.5,90.4,False,0,0,24,0,60,595
CUST-000041,Male,Clerical,26240.0,56.0,84.4,Current,0.0,,88.6,True,18,791,60,5,85,550
CUST-000042,Female,Self-Employed,31707.0,99.2,52.6,Current,0.0,,96.5,True,8,51,60,0,88,565
CUST-000043,Female,Skilled,21336.0,0.0,97.3,Current,0.0,,92.2,False,0,0,12,0,79,675
CUST-000044,Male,Unskilled,58986.0,48.9,74.9,Current,0.0,,88.8,True,15,1934,36,1,95,699
CUST-000045,Female,Unemployed,8000.0,0.0,90.3,Current,0.0,,67.1,True,15,589,60,1,84,635
CUST-000046,Female,Professional,35829.0,43.5,94.4,None,575.0,93.8,68.7,True,22,1696,36,3,92,599
CUST-000047,Male,Skilled,29941.0,30.9,86.3,None,960.0,64.1,43.6,True,13,122,36,0,64,641
CUST-000048,Male,Skilled,12017.0,37.6,91.7,None,781.0,96.5,87.5,True,8,580,24,0,43,654
CUST-000049,Female,Professional,30579.0,16.8,98.8,None,979.0,93.3,94.3,True,10,1273,24,1,87,667
CUST-000050,Male,Clerical,,50.6,94.6,Arrears,0.0,,96.5,True,15,2127,36,2,116,622
CUST-000051,Male,Unemployed,8000.0,6.0,94.1,None,532.0,63.9,72.8,True,14,1372,36,0,74,686
CUST-000052,Male,Professional,29644.0,59.8,93.3,Current,0.0,,94.4,False,0,0,36,0,64,632
CUST-000053,Female,Skilled,53348.0,26.8,75.6,None,781.0,90.6,79.6,True,14,1706,36,1,50,650
CUST-000054,Female,Unskilled,36880.0,6.9,95.8,Current,0.0,,97.4,True,16,288,12,1,162,762
CUST-000055,Female,Clerical,33950.0,66.9,94.3,None,586.0,85.8,84.3,False,0,0,48,1,100,676
CUST-000056,Female,Skilled,24113.0,33.7,92.7,None,1359.0,51.8,62.9,False,0,0,12,0,92,660
CUST-000057,Male,Unemployed,8000.0,73.2,78.1,None,390.0,89.8,94.3,False,0,0,36,1,57,539
CUST-000058,Female,Skilled,20608.0,59.4,78.7,Current,0.0,,75.9,True,13,1907,48,2,34,537
CUST-000059,Male,Professional,,19.0,88.9,Current,0.0,,89.2,False,0,0,48,2,61,614
CUST-000060,Male,Professional,26904.0,33.3,71.9,Current,0.0,,75.5,False,0,0,12,1,145,619
CUST-000061,Female,Unemployed,8000.0,37.4,65.3,Current,0.0,,73.6,False,0,0,48,2,36,566
CUST-000062,Male,Clerical,16888.0,65.5,66.4,Current,0.0,,80.0,True,9,1301,12,2,29,549
CUST-000063,Female,Skilled,14642.0,43.8,93.4,Arrears,0.0,,96.9,True,13,361,12,0,150,623
CUST-000064,Female,Professional,47512.0,38.5,91.8,None,525.0,83.8,89.2,True,6,934,48,0,65,612
CUST-000065,Female,Clerical,29899.0,31.0,84.0,None,803.0,86.9,74.6,False,0,0,24,2,75,629
CUST-000066,Female,Unemployed,17351.0,34.0,73.5,None,594.0,91.7,94.3,True,13,568,24,1,89,638
CUST-000067,Female,Skilled,21907.0,61.1,81.2,Current,0.0,,87.0,True,14,2009,60,1,21,509
CUST-000068,Male,Unemployed,9221.0,35.1,78.8,Current,0.0,,71.9,False,0,0,24,0,170,662
CUST-000069,Male,Clerical,30968.0,27.1,55.7,Current,0.0,,85.6,False,0,0,48,0,146,709
CUST-000070,Male,Skilled,26399.0,23.7,79.2,Current,0.0,,75.4,False,0,0,36,3,77,641
CUST-000071,Male,Unskilled,28205.0,23.9,71.6,None,1445.0,44.3,95.4,False,0,0,24,1,63,641
CUST-000072,Male,Skilled,41947.0,7.0,94.3,Current,0.0,,91.9,True,16,1787,36,2,56,677
CUST-000073,Female,Clerical,31174.0,20.0,78.6,Current,0.0,,99.1,False,0,0,24,0,99,679
CUST-000074,Male,Unskilled,17985.0,,96.6,Current,0.0,,88.3,True,15,484,48,3,80,647
CUST-000075,Male,Clerical,22905.0,30.9,76.3,None,1557.0,54.2,94.4,True,14,2033,48,2,34,601
CUST-000076,Male,Skilled,15992.0,49.1,96.6,None,948.0,91.3,96.6,True,11,291,24,2,68,664
CUST-000077,Male,Unemployed,8000.0,0.0,59.6,None,918.0,78.0,64.0,False,0,0,36,1,76,626
CUST-000078,Female,Professional,32536.0,46.4,87.9,Current,0.0,,35.5,True,13,186,36,2,104,653
CUST-000079,Female,Clerical,16223.0,31.8,81.0,Current,0.0,,87.6,True,13,767,36,1,46,652
CUST-000080,Female,Professional,52469.0,25.4,70.9,None,895.0,78.5,68.5,True,19,1798,12,1,99,647
CUST-000081,Female,Clerical,46096.0,38.6,86.3,Current,0.0,,93.7,True,15,819,24,0,57,662
CUST-000082,Male,Professional,28606.0,25.1,73.8,Current,0.0,,91.1,False,0,0,24,0,95,643
CUST-000083,Female,Self-Employed,36676.0,0.0,66.6,Arrears,0.0,,92.8,True,12,2018,36,1,77,603
CUST-000084,Male,Professional,27029.0,53.4,80.9,Current,0.0,,94.1,True,7,895,24,1,185,636
CUST-000085,Male,Self-Employed,28144.0,39.9,53.4,Current,0.0,,79.7,False,0,0,36,0,56,586
CUST-000086,Male,Clerical,19719.0,,86.0,Current,0.0,,68.2,True,15,1160,60,0,61,634
CUST-000087,Female,Clerical,,15.7,73.2,Current,0.0,,78.0,True,13,1588,12,1,41,596
CUST-000088,Male,Clerical,19822.0,5.6,97.4,None,738.0,88.9,88.2,True,13,1304,36,1,76,696
CUST-000089,Male,Self-Employed,50897.0,39.5,82.2,None,1183.0,82.0,95.7,False,0,0,12,0,81,620
CUST-000090,Female,Skilled,26496.0,67.3,91.9,Arrears,0.0,,85.6,False,0,0,36,0,82,532
CUST-000091,Male,Clerical,20084.0,39.1,70.6,Current,0.0,,47.2,True,18,2171,24,1,74,604
CUST-000092,Female,Unskilled,11480.0,7.3,63.1,Current,0.0,,79.1,False,0,0,60,0,179,667
CUST-000093,Male,Skilled,33165.0,39.5,89.2,Current,0.0,,97.2,True,17,415,24,2,101,656
CUST-000094,Male,Professional,64399.0,33.9,95.2,Current,0.0,,57.2,False,0,0,60,2,131,651
CUST-000095,Male,Unskilled,22818.0,52.3,81.4,None,463.0,60.7,73.7,True,17,1739,12,1,82,637
CUST-000096,Female,Clerical,,47.1,70.8,None,951.0,53.4,49.5,True,7,1915,48,1,113,601
CUST-000097,Male,Professional,81913.0,0.0,88.8,None,1105.0,93.7,60.6,True,17,554,24,2,110,727
CUST-000098,Male,Skilled,25769.0,45.9,82.2,None,1147.0,86.5,89.6,True,14,1072,24,0,82,672
CUST-000099,Male,Professional,37305.0,14.9,93.4,None,444.0,88.3,72.8,True,17,72,48,2,68,622
CUST-000100,Other,Clerical,33235.0,6.6,94.7,Current,0.0,,87.7,False,0,0,24,3,114,675
CUST-000101,Female,Self-Employed,22142.0,31.2,92.9,None,689.0,78.2,73.8,False,0,0,36,4,190,642
CUST-000102,Female,Professional,72754.0,43.2,76.7,Current,0.0,,,True,7,373,36,1,106,650
CUST-000103,Male,Self-Employed,37989.0,2.2,77.8,Current,0.0,,85.7,False,0,0,24,1,58,640
CUST-000104,Other,Unemployed,9058.0,49.1,78.0,None,618.0,67.9,91.9,False,0,0,12,0,113,594
CUST-000105,Female,Skilled,40313.0,50.3,58.5,Current,0.0,,64.0,False,0,0,60,1,162,602
CUST-000106,Female,Self-Employed,70094.0,35.9,90.7,Current,0.0,,90.0,True,18,2066,36,1,85,666
CUST-000107,Male,Self-Employed,34865.0,17.6,59.8,Current,0.0,,59.1,True,8,209,48,0,52,606
CUST-000108,Male,Unemployed,8000.0,15.4,89.7,Current,0.0,,,False,0,0,48,2,96,684
CUST-000109,Male,Clerical,53046.0,55.5,84.5,None,1154.0,82.4,56.9,True,18,953,48,2,98,571
CUST-000110,Female,Professional,66530.0,4.8,77.5,None,535.0,87.7,78.4,True,12,73,36,0,121,703
CUST-000111,Male,Skilled,25613.0,56.3,99.3,Current,0.0,,87.6,True,15,2060,12,0,80,635
CUST-000112,Male,Skilled,29663.0,31.7,89.7,None,1045.0,98.8,92.5,True,12,88,48,0,75,667
CUST-000113,Male,Professional,47001.0,33.1,87.8,Current,0.0,,93.1,True,13,1539,48,1,64,644
CUST-000114,Female,Skilled,34826.0,0.8,89.2,None,825.0,84.2,89.9,True,15,685,36,1,100,667
CUST-000115,Male,Professional,23378.0,32.1,83.4,Current,0.0,,74.7,True,20,1326,48,3,43,615
CUST-000116,Female,Unskilled,10079.0,47.3,79.6,Current,0.0,,71.6,True,11,1097,24,1,102,684
CUST-000117,Female,Clerical,18046.0,8.3,49.5,None,337.0,65.4,81.9,True,15,507,24,1,103,609
CUST-000118,Female,Professional,27886.0,45.0,91.5,None,889.0,88.5,94.0,True,12,969,24,1,94,631
CUST-000119,Male,Professional,32218.0,36.8,63.0,None,1041.0,83.6,81.4,True,16,1565,36,0,139,612
CUST-000120,Female,Clerical,35797.0,22.1,94.6,Current,0.0,,96.8,True,12,1264,24,0,75,717
CUST-000121,Female,Clerical,24934.0,52.1,80.7,Current,0.0,,99.8,True,16,518,12,2,69,586
CUST-000122,Female,Professional,47022.0,0.0,75.8,None,686.0,60.2,83.7,False,0,0,36,1,77,712
CUST-000123,Male,Clerical,15507.0,41.9,87.0,Current,0.0,,76.9,True,10,1540,24,1,81,581
CUST-000124,Male,Professional,34971.0,67.4,82.6,None,937.0,75.1,65.9,True,19,485,36,0,80,611
CUST-000125,Male,Clerical,35041.0,,79.0,Current,0.0,,80.4,True,13,1322,24,1,70,617
CUST-000126,Female,Clerical,35162.0,42.8,,Current,0.0,,87.4,False,0,0,24,0,73,637
CUST-000127,Male,Clerical,19418.0,29.0,75.5,Current,0.0,,57.3,True,20,1278,36,0,88,643
CUST-000128,Male,Clerical,28933.0,22.3,81.6,Current,0.0,,48.8,False,0,0,24,0,131,663
CUST-000129,Male,Professional,115784.0,28.9,82.0,None,627.0,64.6,84.1,True,19,1482,24,1,106,739
CUST-000130,Female,Professional,42706.0,45.9,89.6,None,807.0,78.0,95.2,True,11,2083,24,2,38,603
CUST-000131,Male,Professional,31510.0,18.9,73.0,Current,0.0,,95.4,True,23,1438,60,0,107,648
CUST-000132,Female,Self-Employed,29856.0,50.1,74.8,None,431.0,84.8,78.9,True,18,1270,24,2,54,578
CUST-000133,Female,Unemployed,8413.0,,50.4,None,766.0,49.8,98.4,False,0,0,24,2,121,577
CUST-000134,Male,Unskilled,18850.0,33.8,68.8,None,468.0,75.5,89.9,False,0,0,48,4,108,607
CUST-000135,Female,Skilled,29179.0,8.1,52.8,Current,0.0,,90.4,True,15,81,24,1,118,653
CUST-000136,Male,Skilled,15456.0,8.1,79.9,Current,0.0,,,True,13,1321,36,1,77,657
CUST-000137,Female,Clerical,17445.0,50.5,95.9,Arrears,0.0,,98.4,False,0,0,48,1,122,596
CUST-000138,Female,Self-Employed,30186.0,33.8,95.0,None,815.0,62.2,63.4,True,15,2168,12,3,97,594
CUST-000139,Female,Self-Employed,29970.0,52.5,93.7,None,1249.0,91.1,96.1,True,16,1064,60,1,93,637
CUST-000140,Male,Unskilled,15639.0,24.3,77.4,None,949.0,65.6,93.5,True,14,1852,36,1,80,632
CUST-000141,Female,Unskilled,18632.0,51.6,82.0,Current,0.0,,96.4,True,13,1460,48,1,95,611
CUST-000142,Female,Clerical,27652.0,31.8,96.0,None,1065.0,46.8,87.5,False,0,0,60,3,42,626
CUST-000143,Female,Self-Employed,48173.0,20.3,78.7,Arrears,0.0,,95.0,True,12,1902,48,1,77,598
CUST-000144,Female,Self-Employed,30874.0,27.0,84.9,Current,0.0,,78.8,False,0,0,24,1,68,652
CUST-000145,Male,Clerical,32196.0,11.1,73.9,Current,0.0,,88.8,False,0,0,36,1,80,688
CUST-000146,Male,Unskilled,15813.0,74.8,89.8,Current,0.0,,81.4,True,11,1029,24,0,46,538
CUST-000147,Male,Professional,55684.0,33.1,69.7,Current,0.0,,77.1,True,18,1599,36,3,75,653
CUST-000148,Female,Unemployed,9558.0,47.9,91.6,Current,0.0,,80.2,True,11,244,48,0,38,602
CUST-000149,Male,Self-Employed,,24.3,79.4,None,1418.0,77.2,79.6,True,12,469,24,2,71,678
CUST-000150,Male,Professional,59341.0,14.0,94.8,Current,0.0,,92.5,True,13,675,36,2,72,682
CUST-000151,Female,Skilled,38570.0,30.3,66.6,Current,0.0,,95.7,True,16,1257,36,1,65,635
CUST-000152,Female,Professional,41180.0,57.0,62.6,Current,0.0,,60.0,False,0,0,24,4,121,531
CUST-000153,Male,Self-Employed,36046.0,24.6,79.4,None,748.0,85.8,84.9,True,16,1999,36,1,83,617
CUST-000154,Female,Self-Employed,52099.0,17.6,90.2,Arrears,0.0,,88.2,True,8,1448,12,1,85,622
CUST-000155,Male,Skilled,22068.0,,72.1,Arrears,0.0,,90.6,True,12,276,36,1,133,477
CUST-000156,Female,Unskilled,15207.0,45.0,83.3,Current,0.0,,77.0,False,0,0,12,2,87,575
CUST-000157,Male,Professional,46707.0,67.9,68.2,Arrears,0.0,,51.5,True,10,1873,48,2,106,509
CUST-000158,Female,Clerical,32431.0,42.1,89.8,Current,0.0,,99.1,False,0,0,24,0,88,653
CUST-000159,Female,Clerical,18567.0,47.9,93.3,None,1042.0,50.3,92.4,False,0,0,36,2,110,615
CUST-000160,Female,Professional,41621.0,49.4,80.8,Current,0.0,,98.5,False,0,0,36,0,130,702
CUST-000161,Male,Skilled,28368.0,11.9,59.9,None,789.0,94.1,93.9,False,0,0,24,0,92,696
CUST-000162,Female,Clerical,9928.0,15.7,82.5,Current,0.0,,74.8,False,0,0,36,2,105,640
CUST-000163,Male,Clerical,24372.0,13.3,91.9,Current,0.0,,84.6,True,13,765,48,0,98,724
CUST-000164,Male,Clerical,25064.0,8.4,71.3,None,1291.0,95.8,85.8,False,0,0,12,2,92,683
CUST-000165,Female,Unskilled,18773.0,50.9,91.2,None,1057.0,52.5,97.7,True,10,359,36,2,66,622
CUST-000166,Male,Clerical,50877.0,40.8,96.0,Current,0.0,,77.2,True,12,961,24,1,71,647
CUST-000167,Female,Unskilled,11675.0,36.6,37.3,Current,0.0,,82.4,False,0,0,36,2,35,529
CUST-000168,Female,Clerical,18563.0,0.0,85.8,Arrears,0.0,,90.4,True,17,1114,48,1,148,577
CUST-000169,Male,Clerical,8304.0,76.1,73.6,None,919.0,64.0,85.9,True,16,1932,36,2,105,580
CUST-000170,Female,Skilled,23835.0,17.1,93.4,Current,0.0,,86.0,True,15,418,24,1,65,660
CUST-000171,Male,Clerical,22516.0,76.0,85.2,None,1004.0,82.5,53.9,True,9,1271,24,0,37,574
CUST-000172,Female,Clerical,21386.0,6.0,81.1,None,797.0,84.6,83.9,False,0,0,36,2,97,660
CUST-000173,Male,Skilled,48716.0,18.8,91.0,Current,0.0,,66.2,False,0,0,12,1,82,650
CUST-000174,Female,Professional,63404.0,0.0,91.5,None,1082.0,62.1,67.8,True,16,316,36,1,135,720
CUST-000175,Male,Clerical,27862.0,42.2,94.7,Current,0.0,,65.9,True,14,1520,36,2,54,585
CUST-000176,Male,Skilled,25048.0,13.0,85.1,None,1194.0,91.4,61.7,True,12,473,48,0,65,643
CUST-000177,Male,Clerical,42693.0,13.5,68.4,None,355.0,90.5,92.4,False,0,0,12,1,82,622
CUST-000178,Other,Unskilled,,7.5,94.0,Current,0.0,,84.0,True,15,1958,36,0,102,673
CUST-000179,Female,Clerical,18616.0,50.5,81.9,None,891.0,81.7,93.3,False,0,0,24,1,57,549
CUST-000180,Female,Unemployed,8000.0,49.2,92.0,None,1031.0,53.7,50.3,True,15,1585,24,0,91,607
CUST-000181,Female,Self-Employed,26469.0,71.2,75.0,None,335.0,85.0,84.6,True,14,1215,36,2,43,577
CUST-000182,Female,Unemployed,11335.0,21.3,72.4,None,772.0,88.0,73.4,True,16,1878,36,0,71,630
CUST-000183,Female,Unskilled,56205.0,39.4,71.0,Current,0.0,,83.8,True,14,2039,36,1,158,685
CUST-000184,Male,Professional,44255.0,9.2,87.9,None,993.0,65.6,80.1,False,0,0,48,1,178,687
CUST-000185,Female,Skilled,20971.0,28.3,,Current,0.0,,83.3,True,20,593,24,0,123,648
CUST-000186,Female,Professional,25255.0,24.6,91.0,Current,0.0,,79.6,False,0,0,24,3,38,652
CUST-000187,Male,Unskilled,25866.0,44.3,90.0,Current,0.0,,85.9,True,14,232,24,2,75,626
CUST-000188,Male,Skilled,13376.0,55.3,75.9,Current,0.0,,97.2,False,0,0,12,0,73,614
CUST-000189,Female,Clerical,34463.0,54.8,,Current,0.0,,95.2,True,17,817,24,0,122,694
CUST-000190,Male,Unskilled,29152.0,18.1,82.1,Current,0.0,,67.7,True,10,1098,36,1,86,642
CUST-000191,Female,Professional,,55.0,90.1,None,1088.0,92.3,92.1,True,7,1836,36,1,65,630
CUST-000192,Male,Skilled,26808.0,34.1,97.0,Current,0.0,,76.1,True,15,70,24,1,126,644
CUST-000193,Male,Self-Employed,41629.0,28.5,63.8,None,959.0,56.3,94.6,True,19,1100,36,1,167,647
CUST-000194,Female,Professional,46487.0,20.8,98.1,Current,0.0,,96.8,True,13,1803,24,0,121,747
CUST-000195,Male,Skilled,20851.0,23.8,92.1,Current,0.0,,91.2,True,15,530,12,0,57,683
CUST-000196,Male,Unskilled,46398.0,69.8,69.9,None,1220.0,60.5,94.9,False,0,0,36,3,187,650
CUST-000197,Female,Professional,36745.0,41.1,74.8,None,1549.0,50.0,96.0,False,0,0,48,0,120,662
CUST-000198,Female,Skilled,41957.0,38.5,71.6,None,1061.0,60.5,86.2,False,0,0,48,1,115,575
CUST-000199,Male,Clerical,9060.0,29.8,82.1,None,712.0,73.4,57.0,False,0,0,24,4,148,626
CUST-000200,Male,Self-Employed,,83.9,95.2,Current,0.0,,87.1,False,0,0,24,0,132,653
CUST-000201,Female,Professional,83362.0,61.1,94.4,None,991.0,60.5,97.4,True,15,1419,36,3,105,660
CUST-000202,Other,Unemployed,8180.0,20.6,56.1,Current,0.0,,77.7,False,0,0,48,1,139,645
CUST-000203,Female,Unskilled,25946.0,29.5,63.1,Current,0.0,,67.6,True,19,945,24,0,54,595
CUST-000204,Male,Professional,55345.0,30.7,71.9,None,345.0,65.2,83.6,True,14,194,12,1,73,656
CUST-000205,Male,Clerical,20146.0,,76.0,None,1304.0,70.5,91.4,True,16,281,60,1,61,587
CUST-000206,Male,Skilled,37855.0,,89.0,None,1405.0,75.8,89.1,True,17,735,12,0,91,643
CUST-000207,Male,Self-Employed,22436.0,43.8,51.4,Current,0.0,,83.8,True,12,2159,60,1,89,559
CUST-000208,Female,Skilled,22502.0,64.0,85.8,None,1028.0,34.7,81.5,True,6,2064,36,1,72,595
CUST-000209,Male,Professional,71477.0,8.7,98.5,None,778.0,68.3,99.1,False,0,0,36,1,98,749
CUST-000210,Female,Professional,66743.0,12.4,99.4,Arrears,0.0,,46.5,False,0,0,24,2,113,583
CUST-000211,Female,Unemployed,8000.0,25.3,91.0,Current,0.0,,74.9,True,19,1522,48,1,45,675
CUST-000212,Female,Skilled,21273.0,26.3,60.3,None,1040.0,66.4,93.1,True,19,2089,24,1,100,591
CUST-000213,Male,Unskilled,15090.0,75.0,77.4,Current,0.0,,92.6,True,9,1128,24,3,24,543
CUST-000214,Female,Skilled,41151.0,,73.8,Arrears,0.0,,68.3,True,13,1177,12,0,88,530
CUST-000215,Female,Unskilled,12866.0,53.9,83.7,Current,0.0,,96.5,True,13,1335,12,1,57,617
CUST-000216,Female,Professional,,29.7,,None,1086.0,89.7,81.4,True,10,986,36,0,186,736
CUST-000217,Male,Professional,60240.0,29.3,88.8,Current,0.0,,73.2,False,0,0,24,0,89,743
CUST-000218,Male,Unskilled,19392.0,6.0,77.8,None,1100.0,61.0,89.3,True,17,296,36,1,82,643
CUST-000219,Female,Unemployed,12715.0,50.6,44.5,Current,0.0,,87.4,True,14,158,36,1,66,554
CUST-000220,Male,Clerical,23460.0,44.8,92.8,None,842.0,79.3,90.0,True,13,184,36,0,49,641
CUST-000221,Male,Clerical,24435.0,60.7,86.4,Current,0.0,,88.8,True,9,513,36,0,48,642
CUST-000222,Female,Skilled,19064.0,30.8,76.7,Current,0.0,,83.1,True,10,1211,24,0,42,636
CUST-000223,Female,Clerical,42520.0,32.2,68.1,Arrears,0.0,,98.3,True,14,599,48,1,88,560
CUST-000224,Female,Professional,30487.0,38.4,54.6,Current,0.0,,74.9,False,0,0,24,1,72,541
CUST-000225,Male,Unskilled,23617.0,52.8,74.0,None,1264.0,94.1,80.3,True,13,70,36,1,37,573
CUST-000226,Female,Clerical,26054.0,5.6,86.1,None,1342.0,91.0,54.8,True,21,971,48,0,163,666
CUST-000227,Male,Self-Employed,20102.0,49.7,94.5,Current,0.0,,95.8,True,13,349,48,3,104,619
CUST-000228,Female,Professional,32725.0,34.6,62.6,None,1201.0,70.1,62.5,False,0,0,12,2,90,567
CUST-000229,Female,Professional,80201.0,13.8,94.4,None,1345.0,90.2,78.5,True,11,1433,24,1,60,690
CUST-000230,Male,Skilled,32405.0,0.0,78.3,Current,0.0,,71.9,False,0,0,48,0,99,669
CUST-000231,Male,Clerical,17084.0,32.3,60.7,None,889.0,72.6,95.1,False,0,0,48,0,80,602
CUST-000232,Male,Skilled,,64.0,76.9,None,1070.0,89.9,69.6,False,0,0,36,0,120,606
CUST-000233,Other,Professional,40306.0,68.5,95.0,Current,0.0,,93.5,False,0,0,12,2,66,595
CUST-000234,Female,Unemployed,38191.0,42.1,73.5,Arrears,0.0,,81.7,True,15,1581,24,0,72,545
CUST-000235,Female,Self-Employed,36703.0,74.2,31.3,Current,0.0,,94.7,True,15,1992,60,1,95,501
CUST-000236,Female,Unskilled,17001.0,34.1,90.9,None,700.0,83.5,93.3,False,0,0,12,3,60,609
CUST-000237,Male,Professional,81554.0,54.1,53.8,Current,0.0,,94.7,False,0,0,48,2,123,612
CUST-000238,Female,Clerical,11749.0,26.0,65.4,Current,0.0,,96.7,False,0,0,24,1,42,533
CUST-000239,Male,Clerical,28070.0,24.7,74.6,None,801.0,91.7,73.1,False,0,0,36,0,78,707
CUST-000240,Male,Skilled,72606.0,21.4,92.1,Current,0.0,,73.4,True,17,1751,12,1,82,706
CUST-000241,Female,Clerical,25533.0,0.0,84.1,Current,0.0,,93.5,False,0,0,12,0,113,710
CUST-000242,Female,Professional,19732.0,60.7,93.9,Current,0.0,,97.8,True,12,352,24,1,178,646
CUST-000243,Male,Clerical,22513.0,22.2,78.4,None,1063.0,42.6,85.0,True,12,237,48,3,159,650
CUST-000244,Female,Clerical,51768.0,19.0,70.2,Current,0.0,,70.9,True,15,1756,36,1,49,600
CUST-000245,Female,Clerical,31864.0,11.4,87.3,None,763.0,79.7,89.3,False,0,0,36,1,101,697
CUST-000246,Female,Professional,29511.0,30.9,78.1,None,536.0,75.3,93.2,False,0,0,60,1,60,588
CUST-000247,Female,Clerical,19764.0,70.3,74.3,None,1381.0,91.0,91.7,False,0,0,24,2,46,529
CUST-000248,Male,Skilled,23004.0,76.9,95.7,Current,0.0,,95.6,True,14,1585,48,1,96,602
CUST-000249,Male,Clerical,31651.0,1.8,83.7,None,1118.0,86.1,82.9,False,0,0,12,0,52,720
CUST-000250,Male,Clerical,49128.0,27.9,92.7,Current,0.0,,94.9,True,10,210,24,1,141,670
CUST-000251,Female,Skilled,47520.0,14.3,87.4,Current,0.0,,89.4,True,14,333,36,0,109,711
CUST-000252,Female,Self-Employed,39637.0,54.8,95.4,None,521.0,79.2,86.4,False,0,0,60,1,124,602
CUST-000253,Male,Clerical,14776.0,40.7,82.5,Current,0.0,,73.9,False,0,0,36,1,84,619
CUST-000254,Male,Skilled,16281.0,22.3,91.2,Arrears,0.0,,97.5,True,18,1595,12,1,42,619
CUST-000255,Male,Unemployed,10260.0,36.5,95.3,None,587.0,56.1,42.8,False,0,0,60,1,61,631
CUST-000256,Female,Skilled,16153.0,25.5,64.4,Current,0.0,,71.8,True,13,410,48,1,134,563
CUST-000257,Female,Unskilled,18230.0,67.3,96.9,Arrears,0.0,,48.4,False,0,0,36,0,72,525
CUST-000258,Male,Self-Employed,37019.0,45.9,58.7,Current,0.0,,,True,13,328,36,0,79,593
CUST-000259,Male,Professional,25799.0,48.4,93.1,Current,0.0,,98.8,True,12,302,24,1,146,701
CUST-000260,Female,Clerical,16968.0,0.0,77.8,Current,0.0,,83.4,False,0,0,12,1,84,659
CUST-000261,Male,Self-Employed,30945.0,33.7,98.4,Current,0.0,,65.4,True,14,1021,36,1,135,634
CUST-000262,Female,Unemployed,10124.0,76.7,81.6,None,1014.0,68.2,97.8,False,0,0,12,0,69,588
CUST-000263,Male,Skilled,47715.0,61.5,82.8,None,587.0,90.6,,True,17,349,36,2,64,586
CUST-000264,Male,Professional,56567.0,0.0,93.2,Current,0.0,,83.8,True,11,1435,36,3,46,623
CUST-000265,Female,Skilled,30591.0,28.7,80.9,None,815.0,98.3,77.9,True,16,1834,36,1,78,634
CUST-000266,Male,Professional,30768.0,11.0,94.4,None,752.0,77.3,96.2,True,15,49,48,1,87,694
CUST-000267,Male,Self-Employed,19939.0,69.2,98.9,None,823.0,89.7,91.8,True,18,2051,24,2,124,641
CUST-000268,Male,Skilled,23516.0,39.9,99.4,Current,0.0,,84.5,False,0,0,24,0,19,675
CUST-000269,Male,Self-Employed,38824.0,19.6,91.7,Current,0.0,,81.1,True,18,2007,12,1,109,676
CUST-000270,Male,Unskilled,23478.0,35.7,62.6,None,918.0,88.7,80.9,True,25,1648,24,2,80,549
CUST-000271,Male,Skilled,11503.0,0.0,79.9,None,1084.0,67.6,65.8,False,0,0,12,1,67,624
CUST-000272,Male,Skilled,,13.3,42.4,None,561.0,75.7,72.7,False,0,0,12,0,174,622
CUST-000273,Male,Self-Employed,55512.0,35.7,82.2,None,372.0,97.4,82.1,False,0,0,24,2,113,687
CUST-000274,Female,Unskilled,20910.0,51.9,83.5,Current,0.0,,70.1,True,14,204,24,0,146,638
CUST-000275,Female,Unskilled,10664.0,0.0,28.7,None,1078.0,80.7,67.2,False,0,0,60,1,50,554
CUST-000276,Male,Professional,124259.0,27.4,57.2,Arrears,0.0,,,True,16,409,12,1,117,583
CUST-000277,Male,Skilled,29211.0,55.2,88.6,None,781.0,54.4,81.9,True,15,184,12,0,129,649
CUST-000278,Female,Professional,51172.0,6.0,55.8,None,1123.0,73.3,95.7,True,12,1836,48,1,67,695
CUST-000279,Female,Unskilled,24152.0,39.6,82.9,Current,0.0,,78.7,False,0,0,12,2,55,608
CUST-000280,Female,Skilled,25082.0,36.3,84.5,None,823.0,73.4,59.4,True,19,781,36,0,51,617
CUST-000281,Male,Clerical,,69.3,81.6,None,396.0,85.9,97.8,False,0,0,36,1,60,595
CUST-000282,Male,Professional,111832.0,30.4,88.1,None,946.0,98.1,91.7,True,17,1180,36,2,133,698
CUST-000283,Male,Clerical,42254.0,31.6,95.8,Current,0.0,,82.7,True,12,1346,24,5,110,601
CUST-000284,Male,Self-Employed,46732.0,52.1,71.5,None,1089.0,89.8,69.6,True,19,1283,12,2,97,553
CUST-000285,Female,Professional,,8.5,96.4,Current,0.0,,88.6,False,0,0,60,0,85,700
CUST-000286,Male,Professional,27406.0,30.6,68.2,Current,0.0,,86.6,True,16,838,48,1,83,653
CUST-000287,Male,Unskilled,35854.0,25.9,91.9,Current,0.0,,75.1,False,0,0,36,2,154,709
CUST-000288,Male,Self-Employed,22091.0,32.2,82.6,Current,0.0,,70.8,True,10,233,24,2,79,589
CUST-000289,Female,Professional,48898.0,52.0,63.4,Current,0.0,,98.3,True,13,907,24,0,79,613
CUST-000290,Male,Clerical,,46.1,52.6,Current,0.0,,54.3,False,0,0,36,0,22,545
CUST-000291,Female,Unemployed,8000.0,20.0,91.4,Current,0.0,,58.3,False,0,0,12,3,69,600
CUST-000292,Male,Self-Employed,37255.0,37.7,83.0,Current,0.0,,70.3,True,11,372,60,1,131,685
CUST-000293,Female,Skilled,20562.0,64.8,82.2,Current,0.0,,79.6,True,17,244,60,0,35,613
CUST-000294,Male,Clerical,10991.0,18.4,88.1,None,461.0,80.2,81.9,False,0,0,24,3,38,631
CUST-000295,Female,Clerical,34313.0,37.9,89.7,Current,0.0,,78.2,False,0,0,24,4,69,618
CUST-000296,Female,Professional,111752.0,31.1,92.8,None,416.0,78.5,69.5,False,0,0,24,2,104,660
CUST-000297,Other,Self-Employed,60332.0,33.7,87.1,Current,0.0,,74.2,True,13,2042,36,1,102,706
CUST-000298,Female,Professional,38339.0,2.4,95.0,None,858.0,99.2,,False,0,0,24,2,175,738
CUST-000299,Female,Professional,43217.0,63.2,68.3,None,691.0,92.7,68.4,False,0,0,36,2,59,580
CUST-000300,Female,Self-Employed,48136.0,19.5,76.6,None,918.0,63.8,92.0,True,12,1792,36,1,71,639
CUST-000301,Female,Unemployed,13373.0,55.5,73.4,None,569.0,74.9,94.9,False,0,0,24,2,69,566
CUST-000302,Male,Self-Employed,27660.0,22.6,64.7,None,1102.0,53.9,78.4,True,15,34,24,0,59,635
CUST-000303,Female,Skilled,30052.0,22.5,98.2,None,640.0,93.6,,True,17,1937,24,0,86,722
CUST-000304,Female,Skilled,33880.0,59.3,80.5,Current,0.0,,57.9,False,0,0,36,1,104,652
CUST-000305,Female,Clerical,34518.0,54.9,68.9,None,698.0,88.9,64.7,True,14,2186,60,1,65,562
CUST-000306,Male,Clerical,25339.0,39.2,66.4,Arrears,0.0,,91.1,True,14,1076,12,2,116,523
CUST-000307,Male,Skilled,28037.0,50.2,83.2,Current,0.0,,90.1,False,0,0,48,2,70,555
CUST-000308,Female,Clerical,50057.0,29.2,47.5,None,250.0,94.8,94.0,False,0,0,24,1,70,535
CUST-000309,Male,Skilled,51001.0,34.8,77.3,None,926.0,84.8,96.4,True,12,1476,36,0,54,666
CUST-000310,Male,Unskilled,25013.0,21.8,71.8,None,327.0,76.4,50.7,True,12,2112,24,1,104,598
CUST-000311,Male,Unemployed,17494.0,53.1,75.7,None,748.0,44.3,82.5,True,23,339,24,2,87,537
CUST-000312,Male,Professional,36174.0,21.1,60.1,Current,0.0,,64.9,True,16,806,24,2,54,561
CUST-000313,Male,Clerical,55845.0,64.7,91.4,Current,0.0,,41.5,False,0,0,48,1,70,620
CUST-000314,Male,Professional,54948.0,28.7,89.5,Current,0.0,,85.3,True,13,1342,24,1,102,691
CUST-000315,Male,Clerical,117238.0,,88.9,None,1066.0,71.5,79.5,False,0,0,24,0,147,687
CUST-000316,Male,Clerical,15731.0,50.2,76.0,Current,0.0,,98.5,True,11,690,36,0,87,655
CUST-000317,Male,Professional,31565.0,35.5,77.4,None,607.0,81.0,100.0,False,0,0,36,1,107,629
CUST-000318,Female,Self-Employed,38979.0,29.0,54.9,Current,0.0,,93.7,True,15,1969,12,0,199,664
CUST-000319,Male,Skilled,35386.0,34.4,86.1,Arrears,0.0,,86.4,False,0,0,12,2,122,572
CUST-000320,Female,Unskilled,48527.0,52.9,99.1,None,707.0,75.9,67.8,False,0,0,36,1,117,660
CUST-000321,Female,Professional,31864.0,21.7,86.7,Current,0.0,,97.4,False,0,0,24,0,66,648
CUST-000322,Female,Professional,64681.0,32.5,96.7,Current,0.0,,78.6,True,12,792,24,3,66,661
CUST-000323,Male,Clerical,45393.0,35.2,45.5,Current,0.0,,71.6,False,0,0,24,1,149,609
CUST-000324,Female,Professional,59106.0,52.3,63.4,None,672.0,93.0,97.4,True,18,1956,36,1,81,609
CUST-000325,Female,Clerical,17458.0,,88.8,Current,0.0,,94.3,False,0,0,60,2,92,646
CUST-000326,Female,Unemployed,15207.0,71.2,63.5,None,689.0,72.9,91.1,True,19,248,36,3,35,560
CUST-000327,Female,Professional,74847.0,31.9,,None,706.0,87.5,,True,13,726,48,0,59,680
CUST-000328,Female,Professional,56377.0,30.2,92.9,Current,0.0,,92.7,True,12,1102,36,1,132,717
CUST-000329,Female,Skilled,32444.0,31.6,89.2,None,853.0,63.6,67.8,True,15,1344,24,1,61,634
CUST-000330,Male,Skilled,32763.0,8.7,78.4,None,931.0,61.7,82.8,False,0,0,60,1,99,707
CUST-000331,Female,Skilled,28563.0,14.3,61.4,Arrears,0.0,,73.2,True,13,1766,12,1,59,492
CUST-000332,Male,Clerical,35895.0,24.4,84.7,None,1147.0,88.5,98.6,True,11,1286,48,2,106,700
CUST-000333,Female,Unskilled,20462.0,57.7,76.6,Current,0.0,,92.5,False,0,0,24,1,75,586
CUST-000334,Female,Professional,29383.0,34.3,82.0,Current,0.0,,81.8,False,0,0,36,0,73,702
CUST-000335,Male,Clerical,16783.0,25.3,96.4,None,752.0,45.4,90.1,True,21,2061,60,2,88,672
CUST-000336,Female,Self-Employed,23015.0,59.5,96.5,Current,0.0,,96.5,True,17,115,48,0,97,675
CUST-000337,Male,Unskilled,22299.0,66.0,93.4,Current,0.0,,72.7,True,18,743,48,1,58,600
CUST-000338,Female,Clerical,26579.0,60.1,83.9,Current,0.0,,81.2,False,0,0,48,0,97,643
CUST-000339,Male,Skilled,32605.0,17.9,85.2,Current,0.0,,94.0,True,24,1961,36,0,103,704
CUST-000340,Female,Professional,53926.0,25.1,70.6,Arrears,0.0,,88.8,True,15,1014,24,0,130,586
CUST-000341,Male,Professional,32458.0,71.3,78.7,Current,0.0,,95.9,False,0,0,36,2,136,630
CUST-000342,Female,Professional,83246.0,39.8,96.6,None,695.0,96.3,75.5,True,13,2075,24,0,107,611
CUST-000343,Female,Self-Employed,28620.0,29.6,94.3,None,921.0,68.6,99.2,False,0,0,36,1,59,647
CUST-000344,Female,Clerical,22136.0,49.4,80.2,Current,0.0,,85.3,False,0,0,12,0,50,615
CUST-000345,Female,Self-Employed,40111.0,55.1,62.1,Current,0.0,,98.7,False,0,0,48,3,69,589
CUST-000346,Female,Professional,18837.0,23.6,,Current,0.0,,98.2,True,13,1329,36,0,60,680
CUST-000347,Female,Unskilled,14137.0,39.4,77.2,None,905.0,58.2,99.9,True,12,1610,12,2,62,602
CUST-000348,Male,Unskilled,31376.0,53.5,,Current,0.0,,88.3,True,10,485,36,0,80,624
CUST-000349,Female,Professional,19696.0,11.8,86.2,None,338.0,74.3,92.5,True,15,1677,48,1,82,693
CUST-000350,Male,Professional,71176.0,35.2,78.8,None,573.0,91.3,98.7,True,10,1986,48,0,110,717
CUST-000351,Female,Professional,84967.0,12.7,98.1,Current,0.0,,53.2,True,16,145,24,3,138,727
CUST-000352,Male,Unskilled,17087.0,15.3,52.6,None,860.0,63.5,80.7,True,17,449,36,0,135,623
CUST-000353,Female,Clerical,30678.0,23.7,83.0,Current,0.0,,77.8,True,19,343,24,1,90,722
CUST-000354,Female,Skilled,48967.0,44.5,84.4,None,701.0,73.6,90.1,True,10,2085,48,2,75,638
CUST-000355,Male,Clerical,21806.0,,82.9,Current,0.0,,74.1,True,19,662,48,1,106,650
CUST-000356,Female,Self-Employed,47706.0,22.0,82.6,Arrears,0.0,,85.6,False,0,0,12,1,116,639
CUST-000357,Female,Skilled,21879.0,36.0,80.8,None,513.0,48.6,62.1,True,18,854,24,1,59,653
CUST-000358,Female,Skilled,23870.0,,90.1,Current,0.0,,54.2,False,0,0,12,1,105,683
CUST-000359,Female,Unemployed,8000.0,43.6,83.5,Current,0.0,,96.1,False,0,0,24,3,17,561
CUST-000360,Female,Professional,50221.0,57.6,94.5,None,895.0,73.4,87.5,False,0,0,12,1,64,647
CUST-000361,Female,Unskilled,33976.0,33.4,87.4,Current,0.0,,71.3,False,0,0,48,1,51,649
CUST-000362,Male,Professional,39623.0,30.9,96.5,Current,0.0,,94.6,False,0,0,24,1,60,726
CUST-000363,Male,Skilled,16701.0,42.5,75.0,None,713.0,72.5,95.8,True,11,462,36,0,104,714
CUST-000364,Male,Unskilled,12396.0,0.0,79.2,Current,0.0,,81.4,True,17,1394,36,2,64,628
CUST-000365,Female,Self-Employed,38557.0,45.7,87.1,None,924.0,27.9,92.0,False,0,0,36,0,121,690
CUST-000366,Male,Self-Employed,74026.0,97.0,77.2,None,1036.0,63.4,54.9,False,0,0,24,1,169,579
CUST-000367,Female,Clerical,32118.0,32.5,73.6,None,947.0,78.9,89.3,True,19,1884,48,1,144,647
CUST-000368,Female,Clerical,22604.0,,79.2,Current,0.0,,77.9,False,0,0,36,1,59,597
CUST-000369,Male,Clerical,37979.0,49.9,85.3,Arrears,0.0,,95.1,False,0,0,24,0,78,610
CUST-000370,Female,Skilled,26570.0,67.9,93.7,None,667.0,80.0,70.1,False,0,0,12,1,79,617
CUST-000371,Female,Skilled,24961.0,54.5,70.0,None,1161.0,88.5,69.8,True,12,885,48,1,154,616
CUST-000372,Male,Clerical,17478.0,0.0,98.6,None,900.0,75.2,61.9,True,12,1526,24,1,55,677
CUST-000373,Male,Clerical,50706.0,46.3,61.7,Current,0.0,,90.6,True,13,1987,12,0,136,646
CUST-000374,Male,Clerical,8581.0,86.4,87.8,None,1404.0,55.6,72.8,True,17,750,24,4,87,557
CUST-000375,Male,Clerical,38524.0,47.4,65.5,None,1023.0,88.2,73.1,True,20,1088,60,3,35,545
CUST-000376,Male,Professional,34938.0,11.9,89.0,None,793.0,89.8,67.9,True,13,757,36,1,74,621
CUST-000377,Female,Unskilled,16775.0,40.6,60.5,Current,0.0,,96.0,False,0,0,48,0,46,556
CUST-000378,Male,Skilled,63377.0,9.4,95.7,Current,0.0,,78.5,True,15,1354,24,2,87,656
CUST-000379,Male,Professional,31215.0,59.7,90.2,Current,0.0,,89.0,True,13,1009,48,0,32,627
CUST-000380,Female,Self-Employed,23773.0,15.9,83.5,None,857.0,56.5,69.4,True,9,184,24,1,158,651
CUST-000381,Female,Unskilled,19027.0,36.5,96.8,Current,0.0,,88.8,False,0,0,60,1,63,678
CUST-000382,Female,Clerical,32410.0,17.8,63.0,Current,0.0,,69.7,False,0,0,36,0,72,632
CUST-000383,Female,Professional,35283.0,24.1,90.8,Current,0.0,,92.1,False,0,0,36,1,156,645
CUST-000384,Male,Professional,21200.0,64.7,,None,1115.0,82.6,89.2,True,16,1763,60,1,42,546
CUST-000385,Male,Professional,29157.0,37.1,79.3,None,985.0,29.9,73.8,True,7,87,60,2,99,563
CUST-000386,Other,Self-Employed,57464.0,23.8,87.7,Current,0.0,,84.7,True,20,1939,12,0,73,653
CUST-000387,Female,Unemployed,8347.0,12.1,70.8,None,631.0,64.1,64.9,False,0,0,24,1,26,590
CUST-000388,Female,Professional,52733.0,0.0,95.5,Current,0.0,,88.2,False,0,0,36,1,117,701
CUST-000389,Male,Self-Employed,28701.0,10.0,55.2,None,480.0,77.9,34.9,True,16,2101,12,0,136,672
CUST-000390,Female,Professional,31992.0,37.2,86.4,None,943.0,97.1,95.9,True,9,1129,24,0,80,680
CUST-000391,Female,Skilled,62958.0,54.6,92.5,Current,0.0,,74.4,True,16,1582,24,2,129,646
CUST-000392,Male,Self-Employed,29662.0,23.8,76.5,None,821.0,55.4,98.5,True,14,1926,36,2,61,673
CUST-000393,Female,Clerical,22037.0,66.4,92.3,None,679.0,55.7,95.7,False,0,0,36,0,97,609
CUST-000394,Female,Professional,70493.0,20.6,81.4,Current,0.0,,93.7,True,10,1095,24,1,102,682
CUST-000395,Male,Skilled,21381.0,30.2,95.5,None,953.0,47.8,91.1,False,0,0,36,0,60,690
CUST-000396,Male,Unemployed,8000.0,13.4,47.6,Current,0.0,,74.6,True,12,1737,24,4,41,515
CUST-000397,Female,Clerical,27028.0,54.8,89.3,None,841.0,94.2,95.3,True,18,209,60,5,134,631
CUST-000398,Male,Professional,,77.0,96.1,Current,0.0,,86.4,True,18,168,12,0,90,645
CUST-000399,Male,Professional,48379.0,0.0,79.6,Current,0.0,,68.5,False,0,0,48,2,78,682
CUST-000400,Male,Skilled,75854.0,28.1,85.4,None,594.0,84.0,77.5,False,0,0,60,0,96,740
CUST-000401,Male,Skilled,34428.0,60.3,74.4,Current,0.0,,91.6,False,0,0,36,0,105,634
CUST-000402,Female,Self-Employed,11072.0,6.1,95.2,Current,0.0,,82.1,True,14,212,36,0,101,697
CUST-000403,Female,Self-Employed,37390.0,46.3,97.8,Current,0.0,,93.0,True,8,368,12,1,86,622
CUST-000404,Male,Unskilled,20524.0,,83.8,None,1157.0,82.3,80.8,False,0,0,24,0,94,625
CUST-000405,Other,Self-Employed,32921.0,36.6,91.6,Arrears,0.0,,80.4,False,0,0,24,3,72,535
CUST-000406,Female,Clerical,30052.0,46.0,62.4,Current,0.0,,76.6,True,15,1119,36,1,75,584
CUST-000407,Male,Skilled,29214.0,70.2,77.9,Arrears,0.0,,91.7,True,21,813,60,3,106,490
CUST-000408,Female,Clerical,26274.0,74.0,92.4,Current,0.0,,82.3,True,15,289,12,0,68,628
CUST-000409,Male,Clerical,35450.0,,87.6,Current,0.0,,47.1,False,0,0,36,2,53,587
CUST-000410,Other,Unemployed,8000.0,24.4,59.4,Current,0.0,,69.9,True,15,735,36,0,93,609
CUST-000411,Female,Self-Employed,21075.0,16.6,86.2,Current,0.0,,87.5,True,10,653,24,1,91,636
CUST-000412,Female,Unemployed,31468.0,54.5,77.9,Current,0.0,,95.8,True,19,1710,36,1,120,580
CUST-000413,Male,Clerical,19494.0,7.6,74.8,Current,0.0,,98.7,False,0,0,36,0,98,663
CUST-000414,Female,Skilled,30958.0,29.9,66.4,None,666.0,89.8,87.4,True,10,1224,36,1,95,637
CUST-000415,Male,Skilled,15097.0,37.1,96.5,Current,0.0,,87.0,True,12,175,12,1,40,618
CUST-000416,Male,Professional,45361.0,24.9,68.5,None,366.0,76.8,95.0,True,14,1621,36,2,89,640
CUST-000417,Male,Clerical,17678.0,40.6,75.4,Arrears,0.0,,44.2,True,10,1207,36,1,60,492
CUST-000418,Female,Skilled,24251.0,86.3,78.5,Current,0.0,,89.2,True,18,1730,24,0,100,562
CUST-000419,Male,Professional,68891.0,32.6,87.9,Current,0.0,,78.4,True,14,684,36,0,180,727
CUST-000420,Female,Unemployed,9981.0,26.3,55.2,None,818.0,80.3,88.6,True,10,1072,36,1,100,581
CUST-000421,Female,Professional,55592.0,55.3,73.4,Current,0.0,,88.0,True,12,959,36,1,59,624
CUST-000422,Male,Professional,19399.0,39.8,89.4,None,752.0,95.1,96.2,True,9,2168,36,0,87,616
CUST-000423,Male,Self-Employed,73786.0,63.8,66.0,Current,0.0,,96.6,True,16,250,24,0,88,630
CUST-000424,Male,Professional,25176.0,38.3,89.1,Current,0.0,,84.6,False,0,0,48,0,105,677
CUST-000425,Female,Unskilled,40142.0,30.0,82.0,Current,0.0,,67.8,False,0,0,24,0,120,672
CUST-000426,Female,Self-Employed,51124.0,0.0,73.3,None,1116.0,77.3,91.0,True,13,214,36,1,91,707
CUST-000427,Male,Professional,55815.0,2.6,57.3,Current,0.0,,86.6,False,0,0,24,1,83,669
CUST-000428,Female,Self-Employed,21973.0,0.0,90.1,Current,0.0,,93.4,True,14,721,36,3,90,683
CUST-000429,Male,Skilled,31683.0,42.6,89.1,Current,0.0,,70.2,False,0,0,48,0,64,662
CUST-000430,Female,Self-Employed,26119.0,7.8,89.5,Current,0.0,,63.6,True,11,1684,36,1,114,667
CUST-000431,Female,Unskilled,20443.0,,71.1,Current,0.0,,81.9,True,11,1914,12,2,98,596
CUST-000432,Female,Self-Employed,28850.0,35.6,57.2,None,522.0,96.5,52.2,True,9,238,36,0,68,584
CUST-000433,Female,Skilled,11825.0,30.1,64.3,None,1081.0,98.1,96.1,True,17,497,12,1,44,649
CUST-000434,Female,Clerical,44569.0,18.1,74.8,Arrears,0.0,,96.8,True,12,1042,36,3,98,573
CUST-000435,Male,Self-Employed,31127.0,47.4,42.4,Arrears,0.0,,65.7,True,9,1614,60,0,126,455
CUST-000436,Male,Unemployed,8000.0,18.9,87.4,None,677.0,58.8,95.5,False,0,0,36,1,102,670
CUST-000437,Male,Skilled,22998.0,15.3,75.2,Current,0.0,,64.9,True,12,1162,24,2,46,587
CUST-000438,Female,Self-Employed,37935.0,58.8,74.6,None,810.0,66.0,92.8,True,11,1783,12,0,103,646
CUST-000439,Female,Clerical,17994.0,42.1,24.0,None,743.0,61.1,85.8,False,0,0,24,1,97,553
CUST-000440,Female,Self-Employed,11702.0,30.3,67.5,Arrears,0.0,,97.3,True,13,1865,36,1,66,511
CUST-000441,Female,Unemployed,9694.0,47.8,90.0,Arrears,0.0,,86.0,True,19,1459,48,2,73,503
CUST-000442,Male,Professional,54372.0,35.2,98.6,Arrears,0.0,,81.5,True,14,548,36,0,122,622
CUST-000443,Female,Professional,39347.0,42.7,40.9,None,558.0,58.9,93.6,True,15,979,60,2,92,542
CUST-000444,Male,Skilled,17655.0,18.7,83.8,Current,0.0,,72.5,False,0,0,24,0,29,615
CUST-000445,Male,Skilled,30802.0,76.4,66.4,Current,0.0,,72.1,True,11,700,12,2,59,531
CUST-000446,Female,Skilled,15310.0,23.4,89.6,Current,0.0,,86.9,True,10,1514,36,0,61,676
CUST-000447,Other,Professional,27112.0,66.1,86.8,None,1018.0,70.9,94.5,False,0,0,24,1,57,567
CUST-000448,Female,Clerical,19191.0,31.2,67.8,Current,0.0,,57.7,False,0,0,24,2,110,576
CUST-000449,Male,Skilled,43264.0,51.1,68.9,None,835.0,90.7,99.8,False,0,0,12,0,104,698
CUST-000450,Female,Skilled,25138.0,49.7,81.7,Current,0.0,,78.6,True,8,395,36,0,45,667
CUST-000451,Male,Skilled,24192.0,57.9,63.3,Current,0.0,,96.5,True,12,2011,24,4,93,595
CUST-000452,Female,Self-Employed,77803.0,18.2,44.2,None,1367.0,77.0,84.3,False,0,0,60,2,144,637
CUST-000453,Female,Skilled,34680.0,56.5,91.3,None,584.0,89.7,46.0,True,11,984,48,1,77,631
CUST-000454,Male,Self-Employed,37604.0,71.9,96.9,Current,0.0,,96.6,False,0,0,36,0,97,637
CUST-000455,Male,Skilled,25058.0,,64.1,Current,0.0,,96.4,False,0,0,24,1,83,544
CUST-000456,Male,Skilled,22628.0,35.7,86.2,None,885.0,95.9,79.5,False,0,0,12,1,48,611
CUST-000457,Other,Skilled,11064.0,24.5,94.2,None,326.0,59.2,93.6,True,14,1976,36,2,87,643
CUST-000458,Male,Professional,66565.0,28.1,64.8,Current,0.0,,99.0,False,0,0,12,2,84,641
CUST-000459,Female,Clerical,32917.0,69.2,64.0,None,556.0,72.1,61.4,False,0,0,24,1,147,594
CUST-000460,Female,Skilled,27301.0,14.9,85.7,Current,0.0,,50.3,False,0,0,12,1,49,681
CUST-000461,Female,Unskilled,18969.0,16.2,27.0,Current,0.0,,99.1,False,0,0,36,2,76,559
CUST-000462,Male,Self-Employed,44963.0,67.2,97.4,None,1207.0,94.8,88.8,False,0,0,36,0,130,637
CUST-000463,Female,Professional,21384.0,47.5,83.1,Current,0.0,,89.7,True,16,1065,36,0,64,622
CUST-000464,Male,Skilled,22694.0,77.4,76.0,Current,0.0,,84.8,False,0,0,36,0,92,608
CUST-000465,Female,Clerical,16134.0,26.0,71.0,Current,0.0,,84.0,False,0,0,24,2,261,664
CUST-000466,Female,Self-Employed,71647.0,37.5,75.9,Current,0.0,,88.8,False,0,0,24,1,140,651
CUST-000467,Female,Unskilled,29922.0,21.8,76.3,None,939.0,88.6,86.5,True,14,504,24,1,98,664
CUST-000468,Female,Skilled,10983.0,37.9,98.6,None,964.0,83.7,98.8,True,18,910,36,2,103,624
CUST-000469,Male,Skilled,14975.0,0.0,81.4,Current,0.0,,79.1,False,0,0,12,0,92,652
CUST-000470,Female,Clerical,25348.0,48.7,93.1,Current,0.0,,89.2,True,12,486,48,2,55,635
CUST-000471,Male,Skilled,23926.0,41.5,92.2,None,595.0,78.5,80.0,False,0,0,24,1,91,623
CUST-000472,Male,Unskilled,11118.0,33.8,98.3,None,819.0,53.1,73.1,True,13,1859,12,0,180,678
CUST-000473,Male,Self-Employed,77456.0,27.2,68.3,Current,0.0,,79.8,False,0,0,36,0,158,686
CUST-000474,Male,Skilled,34063.0,17.1,85.5,None,979.0,66.8,68.1,True,17,146,24,1,75,654
CUST-000475,Male,Clerical,33312.0,49.6,93.5,Current,0.0,,89.3,True,14,1876,24,3,78,600
CUST-000476,Male,Professional,31527.0,11.6,85.0,Current,0.0,,74.8,True,15,1985,12,0,196,719
CUST-000477,Male,Professional,59577.0,45.2,67.2,None,607.0,45.2,79.5,False,0,0,36,1,96,598
CUST-000478,Female,Professional,36272.0,76.5,96.1,Current,0.0,,83.9,False,0,0,24,1,72,662
CUST-000479,Female,Clerical,23683.0,64.7,71.9,None,619.0,89.2,86.9,False,0,0,24,0,55,576
CUST-000480,Male,Unemployed,10625.0,4.9,73.3,Arrears,0.0,,98.9,True,17,1600,24,0,79,595
CUST-000481,Male,Skilled,14218.0,24.3,88.7,Arrears,0.0,,97.0,True,21,1775,48,0,60,598
CUST-000482,Male,Clerical,55197.0,43.4,86.8,Current,0.0,,97.5,False,0,0,48,3,99,638
CUST-000483,Female,Professional,46727.0,33.6,89.5,Current,0.0,,85.7,False,0,0,24,1,105,644
CUST-000484,Male,Clerical,47879.0,7.0,82.8,Current,0.0,,62.4,False,0,0,60,2,150,702
CUST-000485,Male,Unskilled,12436.0,42.7,55.4,Current,0.0,,61.9,True,14,1466,12,1,67,519
CUST-000486,Male,Clerical,17758.0,34.8,65.3,Current,0.0,,94.1,True,10,91,48,2,28,548
CUST-000487,Male,Self-Employed,19139.0,73.3,69.4,None,1065.0,85.8,77.2,False,0,0,60,0,69,587
CUST-000488,Male,Self-Employed,,29.9,97.8,Current,0.0,,74.2,True,8,1312,36,1,78,662
CUST-000489,Female,Professional,44342.0,58.4,35.7,Current,0.0,,86.1,True,10,1343,12,0,79,535
CUST-000490,Female,Skilled,24012.0,,86.9,None,528.0,75.2,71.7,False,0,0,60,2,77,639
CUST-000491,Female,Unemployed,8000.0,14.4,43.5,Arrears,0.0,,64.9,False,0,0,24,1,28,452
CUST-000492,Female,Clerical,15215.0,49.4,73.0,Current,0.0,,96.5,True,11,1417,24,3,44,635
CUST-000493,Female,Professional,42116.0,56.7,54.8,Current,0.0,,94.1,True,18,702,48,1,77,609
CUST-000494,Male,Unskilled,16363.0,15.9,89.3,None,550.0,56.1,68.0,False,0,0,24,1,112,641
CUST-000495,Female,Unskilled,,35.5,79.7,Current,0.0,,90.6,False,0,0,36,0,75,626
CUST-000496,Female,Skilled,59367.0,7.4,93.2,Current,0.0,,95.9,True,14,495,36,1,118,740
CUST-000497,Male,Skilled,28517.0,31.4,80.1,None,390.0,94.5,61.7,True,16,1694,60,0,48,598
CUST-000498,Female,Professional,76231.0,51.7,78.7,Current,0.0,,97.9,True,17,365,36,1,84,637
CUST-000499,Male,Unskilled,15873.0,26.3,78.6,Current,0.0,,92.6,True,13,897,48,1,18,610
CUST-000500,Female,Skilled,33040.0,30.0,96.5,None,553.0,85.5,59.8,True,12,1304,24,3,38,600
CUST-000501,Female,Professional,41984.0,12.4,90.7,Current,0.0,,77.4,False,0,0,36,2,187,735
CUST-000502,Female,Self-Employed,15039.0,22.0,86.2,None,1030.0,94.8,77.7,True,14,2071,36,0,40,623
CUST-000503,Female,Unemployed,15349.0,70.2,84.8,Current,0.0,,96.0,True,13,1535,24,1,48,588
CUST-000504,Female,Unskilled,18987.0,36.5,73.3,Current,0.0,,80.2,True,17,1469,24,3,25,580
CUST-000505,Female,Clerical,37642.0,15.0,67.1,Current,0.0,,,True,14,1115,12,1,64,687
CUST-000506,Female,Professional,30687.0,28.7,39.9,Current,0.0,,96.7,True,15,1080,24,0,157,613
CUST-000507,Male,Unemployed,8000.0,3.1,70.1,None,1047.0,84.6,86.6,True,9,1238,36,1,37,686
CUST-000508,Female,Unemployed,8000.0,14.7,39.4,None,1117.0,74.2,60.6,True,11,2060,24,0,67,558
CUST-000509,Female,Skilled,51612.0,62.2,77.3,Current,0.0,,90.1,True,15,1442,36,0,73,618
CUST-000510,Male,Skilled,34045.0,32.2,87.3,None,1210.0,79.5,93.9,True,13,1807,48,0,69,689
CUST-000511,Male,Skilled,34908.0,72.8,89.3,None,1369.0,22.1,73.6,True,19,1228,36,1,46,648
CUST-000512,Female,Clerical,49572.0,33.1,90.3,None,705.0,67.1,99.9,False,0,0,48,3,72,647
CUST-000513,Male,Professional,72429.0,34.3,83.8,Current,0.0,,84.1,False,0,0,36,1,128,718
CUST-000514,Male,Professional,60743.0,47.8,95.6,Current,0.0,,78.8,True,13,979,60,1,93,690
CUST-000515,Male,Clerical,14189.0,0.0,59.1,None,1156.0,71.4,80.5,True,7,1429,48,0,87,617
CUST-000516,Male,Unskilled,14754.0,39.1,78.4,None,1063.0,71.6,64.9,False,0,0,24,2,42,586
CUST-000517,Male,Professional,27399.0,34.0,90.8,None,257.0,46.2,80.3,True,11,1138,36,0,111,667
CUST-000518,Female,Clerical,37324.0,64.7,79.6,None,560.0,68.9,78.6,False,0,0,36,2,83,566
CUST-000519,Male,Skilled,31956.0,54.3,86.5,None,484.0,80.6,84.5,True,14,1845,48,2,69,617
CUST-000520,Female,Professional,23024.0,12.3,95.0,Current,0.0,,83.5,True,13,1802,24,1,68,678
CUST-000521,Female,Professional,39540.0,59.8,68.8,Current,0.0,,96.6,True,15,2029,36,2,89,606
CUST-000522,Male,Skilled,15108.0,29.8,51.5,None,1471.0,89.3,90.4,False,0,0,48,1,75,587
CUST-000523,Male,Clerical,26267.0,16.9,93.2,Current,0.0,,60.3,True,24,2197,60,1,139,661
CUST-000524,Female,Skilled,14050.0,38.9,95.2,Current,0.0,,77.8,False,0,0,24,1,77,708
CUST-000525,Male,Unskilled,25599.0,30.9,81.5,None,1295.0,98.2,90.2,False,0,0,36,0,82,658
CUST-000526,Male,Professional,51026.0,65.8,,None,912.0,85.2,48.8,True,12,1928,24,0,86,660
CUST-000527,Female,Unskilled,47615.0,41.8,72.7,Current,0.0,,83.9,True,18,1242,36,0,100,654
CUST-000528,Other,Unskilled,29551.0,39.1,93.0,None,776.0,86.9,90.4,True,15,1228,12,0,117,717
CUST-000529,Female,Unskilled,16681.0,53.0,89.8,Current,0.0,,79.2,True,21,1672,60,1,30,583
CUST-000530,Male,Skilled,42764.0,56.9,83.6,Current,0.0,,96.4,True,6,369,36,0,41,626
CUST-000531,Female,Skilled,15778.0,50.7,64.2,Current,0.0,,58.1,True,19,1039,24,0,68,561
CUST-000532,Female,Skilled,19191.0,63.4,79.3,None,978.0,38.3,81.0,False,0,0,12,1,53,569
CUST-000533,Male,Self-Employed,37505.0,47.2,55.7,None,835.0,77.5,93.1,False,0,0,36,3,86,582
CUST-000534,Female,Professional,16298.0,38.4,88.8,Current,0.0,,74.5,True,12,1490,36,1,76,623
CUST-000535,Male,Unemployed,8000.0,59.8,99.4,Current,0.0,,84.6,False,0,0,36,1,63,581
CUST-000536,Male,Skilled,18698.0,33.2,58.8,None,465.0,90.9,85.0,False,0,0,36,2,125,591
CUST-000537,Female,Self-Employed,33790.0,,37.6,Current,0.0,,98.8,False,0,0,36,2,58,548
CUST-000538,Male,Clerical,16565.0,69.4,98.1,None,1077.0,79.6,59.1,True,7,114,24,1,54,620
CUST-000539,Male,Professional,52100.0,67.4,29.4,Current,0.0,,88.6,True,18,59,24,3,158,498
CUST-000540,Female,Skilled,,34.8,86.4,Arrears,0.0,,56.9,True,16,774,24,1,47,523
CUST-000541,Other,Skilled,55574.0,25.9,98.2,Current,0.0,,65.9,True,11,657,24,3,85,643
CUST-000542,Female,Clerical,26985.0,64.3,92.8,Current,0.0,,92.0,True,12,1293,48,1,67,642
CUST-000543,Female,Clerical,19036.0,51.0,88.4,Arrears,0.0,,93.3,True,16,449,12,0,93,544
CUST-000544,Other,Clerical,24074.0,41.3,87.7,Current,0.0,,74.7,False,0,0,36,1,75,659
CUST-000545,Male,Skilled,16162.0,28.6,92.2,None,618.0,82.1,87.6,False,0,0,12,2,37,631
CUST-000546,Male,Clerical,32298.0,41.6,96.8,Current,0.0,,77.2,True,18,393,12,3,66,643
CUST-000547,Male,Unemployed,10524.0,34.6,60.8,None,1006.0,75.6,82.0,True,14,966,24,0,52,621
CUST-000548,Male,Professional,130763.0,21.7,86.4,None,575.0,79.9,84.3,True,14,1340,24,1,156,715
CUST-000549,Female,Clerical,20337.0,37.6,85.2,Current,0.0,,87.8,False,0,0,24,1,142,648
CUST-000550,Male,Clerical,23849.0,40.3,89.2,None,606.0,78.6,98.4,True,17,921,48,0,128,683
CUST-000551,Male,Skilled,22839.0,27.5,97.1,None,1062.0,77.8,90.9,False,0,0,24,3,73,655
CUST-000552,Male,Skilled,32557.0,53.1,68.8,Current,0.0,,56.8,False,0,0,36,0,121,569
CUST-000553,Male,Skilled,35139.0,60.8,94.5,None,250.0,94.0,61.6,True,7,2041,60,0,123,663
CUST-000554,Female,Unemployed,8000.0,54.4,86.1,Current,0.0,,86.5,False,0,0,24,4,150,606
CUST-000555,Male,Clerical,43864.0,29.5,73.1,None,763.0,89.8,82.7,True,10,1762,36,1,29,625
CUST-000556,Male,Self-Employed,24457.0,50.1,88.1,Current,0.0,,55.0,True,17,200,36,2,65,592
CUST-000557,Male,Professional,67089.0,36.6,,Current,0.0,,82.7,False,0,0,24,1,122,597
CUST-000558,Female,Clerical,34280.0,10.3,79.3,None,1077.0,71.1,89.0,True,17,1175,12,1,61,675
CUST-000559,Female,Skilled,29434.0,48.5,85.0,Current,0.0,,91.4,True,19,675,48,2,45,628
CUST-000560,Female,Professional,37357.0,37.9,93.6,None,613.0,52.4,71.9,False,0,0,24,2,53,623
CUST-000561,Male,Skilled,88195.0,86.9,85.8,None,842.0,94.2,87.8,False,0,0,24,1,122,598
CUST-000562,Male,Self-Employed,22352.0,64.1,86.1,None,742.0,54.8,65.3,False,0,0,24,0,58,585
CUST-000563,Female,Self-Employed,36916.0,49.2,91.5,None,1251.0,79.0,57.8,True,7,229,12,0,53,656
CUST-000564,Female,Skilled,21114.0,40.0,73.1,None,804.0,91.2,75.7,False,0,0,48,0,144,625
CUST-000565,Female,Skilled,66094.0,38.3,73.0,Current,0.0,,96.1,True,15,927,48,2,110,650
CUST-000566,Female,Clerical,40098.0,14.9,90.1,Current,0.0,,76.3,True,7,1483,48,1,143,686
CUST-000567,Female,Professional,31721.0,0.2,73.8,Arrears,0.0,,97.5,True,13,496,24,1,69,594
CUST-000568,Male,Professional,54213.0,17.5,89.6,Arrears,0.0,,72.4,True,8,1345,60,0,126,583
CUST-000569,Male,Skilled,33232.0,34.0,91.6,None,784.0,70.6,65.9,False,0,0,36,1,55,633
CUST-000570,Female,Unemployed,8000.0,0.0,58.6,None,1168.0,30.0,85.0,True,13,2033,36,2,50,636
CUST-000571,Male,Professional,60547.0,24.1,76.8,None,576.0,83.0,48.9,True,8,403,36,1,82,617
CUST-000572,Female,Skilled,35260.0,30.0,91.3,Current,0.0,,51.0,False,0,0,48,0,64,640
CUST-000573,Female,Self-Employed,35575.0,30.7,61.8,Current,0.0,,90.1,True,17,1517,24,0,51,645
CUST-000574,Female,Unskilled,19800.0,21.8,98.0,None,923.0,70.2,84.7,True,19,460,36,0,59,696
CUST-000575,Female,Skilled,35928.0,28.2,83.8,None,775.0,98.7,65.5,True,17,226,36,2,44,634
CUST-000576,Female,Skilled,32812.0,69.5,76.5,None,382.0,82.4,62.3,True,13,1409,12,0,83,601
CUST-000577,Female,Self-Employed,33154.0,48.2,68.2,Current,0.0,,78.7,True,11,123,12,0,127,634
CUST-000578,Female,Unskilled,15121.0,23.8,68.9,Current,0.0,,96.3,False,0,0,36,1,51,610
CUST-000579,Female,Professional,92245.0,33.6,56.6,Current,0.0,,74.7,True,19,1502,36,0,105,679
CUST-000580,Male,Unskilled,12577.0,34.4,88.8,Current,0.0,,98.9,False,0,0,36,0,112,653
CUST-000581,Female,Professional,52179.0,19.6,83.7,None,460.0,81.8,98.7,False,0,0,48,2,162,669
CUST-000582,Female,Unskilled,17469.0,19.6,90.0,None,941.0,78.9,82.5,True,18,961,36,2,110,621
CUST-000583,Male,Professional,95016.0,55.2,83.8,Current,0.0,,,False,0,0,24,0,115,659
CUST-000584,Male,Professional,28665.0,26.6,95.7,Current,0.0,,76.9,False,0,0,36,3,99,635
CUST-000585,Female,Professional,30919.0,13.1,97.2,None,1066.0,52.4,80.2,False,0,0,24,0,104,682
CUST-000586,Female,Skilled,19128.0,34.1,74.7,None,1004.0,78.6,46.6,False,0,0,48,2,95,562
CUST-000587,Male,Clerical,31119.0,37.4,90.6,None,329.0,74.5,91.2,True,16,946,24,0,62,668
CUST-000588,Male,Professional,23205.0,0.0,72.4,None,846.0,39.0,68.9,False,0,0,48,0,107,639
CUST-000589,Male,Skilled,23860.0,34.2,81.5,None,563.0,96.8,84.6,False,0,0,12,2,122,653
CUST-000590,Male,Clerical,10213.0,52.4,88.4,None,1235.0,74.8,98.5,False,0,0,36,2,20,617
CUST-000591,Female,Self-Employed,35973.0,44.0,74.7,Current,0.0,,88.0,True,7,1800,24,0,70,699
CUST-000592,Male,Unskilled,16110.0,79.6,72.5,Current,0.0,,74.0,False,0,0,12,1,89,549
CUST-000593,Male,Skilled,15149.0,60.0,86.0,Current,0.0,,91.3,True,15,929,36,1,80,607
CUST-000594,Female,Professional,70160.0,64.0,90.7,Current,0.0,,93.2,False,0,0,24,2,117,633
CUST-000595,Male,Clerical,14936.0,,97.0,Arrears,0.0,,86.5,True,15,1480,24,1,44,467
CUST-000596,Male,Unskilled,28881.0,50.2,87.7,Arrears,0.0,,97.1,True,15,31,36,1,29,527
CUST-000597,Female,Professional,31399.0,38.3,74.5,None,250.0,78.7,98.5,True,13,1727,24,0,85,620
CUST-000598,Female,Clerical,55310.0,54.5,93.0,None,861.0,63.2,76.5,False,0,0,24,1,89,617
CUST-000599,Other,Unemployed,11309.0,23.8,81.8,None,250.0,88.2,47.3,False,0,0,24,1,114,635
CUST-000600,Female,Unemployed,8000.0,37.2,70.7,Current,0.0,,85.4,True,10,1219,12,2,85,566
CUST-000601,Male,Clerical,17806.0,22.0,72.9,None,1028.0,68.0,71.9,False,0,0,24,1,24,621
CUST-000602,Female,Self-Employed,42396.0,43.0,63.7,None,1221.0,93.2,88.6,True,15,280,24,3,103,622
CUST-000603,Female,Skilled,26298.0,22.0,79.3,Current,0.0,,92.2,True,18,32,36,1,138,644
CUST-000604,Female,Self-Employed,29915.0,21.3,79.3,Current,0.0,,66.3,True,16,1473,36,3,122,672
CUST-000605,Other,Professional,76306.0,43.3,89.0,Current,0.0,,79.2,True,17,461,24,1,119,690
CUST-000606,Female,Professional,30733.0,32.2,45.8,Current,0.0,,85.0,True,12,1882,36,4,65,548
CUST-000607,Female,Skilled,30835.0,0.0,97.1,Current,0.0,,83.7,True,15,1103,12,0,74,660
CUST-000608,Male,Clerical,41340.0,5.9,61.7,Current,0.0,,76.0,True,10,1914,24,1,78,591
CUST-000609,Female,Self-Employed,46464.0,12.1,82.8,None,668.0,91.6,60.8,True,12,1040,36,1,112,715
CUST-000610,Male,Clerical,25039.0,17.3,72.7,Current,0.0,,77.6,True,8,847,36,0,98,686
CUST-000611,Female,Unskilled,17718.0,43.3,86.2,Current,0.0,,56.5,True,13,335,24,2,76,646
CUST-000612,Female,Unskilled,9227.0,39.4,35.3,None,1084.0,95.2,88.2,True,9,919,24,1,107,604
CUST-000613,Other,Skilled,18398.0,56.3,72.1,Arrears,0.0,,33.0,True,13,1811,36,0,52,518
CUST-000614,Other,Self-Employed,37257.0,50.1,35.9,Arrears,0.0,,97.9,True,14,1892,24,1,117,493
CUST-000615,Male,Clerical,25285.0,56.4,97.1,Current,0.0,,83.8,False,0,0,36,3,149,654
CUST-000616,Female,Skilled,30608.0,47.2,71.2,Current,0.0,,93.2,False,0,0,36,1,133,610
CUST-000617,Female,Professional,68711.0,39.2,79.3,None,901.0,70.6,64.7,True,15,108,12,2,133,657
CUST-000618,Male,Unskilled,11826.0,57.0,84.6,None,581.0,81.9,64.8,True,11,144,36,0,54,617
CUST-000619,Male,Unskilled,18143.0,53.4,75.0,None,1090.0,82.7,73.2,False,0,0,48,0,85,624
CUST-000620,Male,Unskilled,21966.0,42.5,59.5,Current,0.0,,62.5,False,0,0,60,0,137,599
CUST-000621,Female,Unskilled,14698.0,60.4,92.6,Current,0.0,,85.5,True,19,40,12,1,95,567
CUST-000622,Female,Unemployed,15370.0,0.0,88.1,Arrears,0.0,,96.8,False,0,0,48,2,81,551
CUST-000623,Other,Clerical,40492.0,29.2,56.2,Current,0.0,,93.0,True,12,1759,24,1,108,635
CUST-000624,Male,Unemployed,9197.0,28.9,91.2,Current,0.0,,85.5,True,12,1033,24,1,161,658
CUST-000625,Other,Skilled,66351.0,58.1,67.1,None,671.0,63.6,85.4,False,0,0,24,1,149,651
CUST-000626,Male,Clerical,13705.0,66.4,76.3,None,835.0,64.0,66.4,True,15,1732,24,1,150,562
CUST-000627,Female,Skilled,29491.0,6.0,82.6,Current,0.0,,94.3,False,0,0,24,0,128,737
CUST-000628,Male,Clerical,31725.0,63.2,65.1,Current,0.0,,73.3,True,11,233,24,1,74,546
CUST-000629,Female,Clerical,17827.0,11.6,80.6,None,1122.0,87.0,69.6,True,14,294,36,2,47,667
CUST-000630,Female,Clerical,30802.0,12.2,86.8,Current,0.0,,84.8,True,19,1525,36,0,73,636
CUST-000631,Female,Professional,26161.0,30.3,87.3,Current,0.0,,90.7,False,0,0,36,1,85,671
CUST-000632,Female,Skilled,40379.0,28.6,75.3,None,1343.0,81.1,83.1,True,10,401,36,1,130,630
CUST-000633,Male,Unskilled,32479.0,3.8,71.7,Current,0.0,,82.5,True,13,1407,24,1,117,667
CUST-000634,Male,Skilled,33452.0,48.0,87.3,Current,0.0,,80.2,False,0,0,36,2,60,647
CUST-000635,Male,Skilled,12856.0,48.6,78.2,Current,0.0,,97.0,True,11,461,36,1,81,638
CUST-000636,Male,Clerical,17412.0,56.1,92.4,None,791.0,57.9,49.0,True,14,1322,12,1,134,598
CUST-000637,Female,Skilled,38156.0,26.3,75.0,None,720.0,84.7,81.8,True,18,1449,60,2,63,608
CUST-000638,Female,Professional,43458.0,34.2,93.1,None,1031.0,72.8,91.4,True,11,1318,36,4,85,600
CUST-000639,Female,Unskilled,8000.0,34.4,63.7,Current,0.0,,77.5,True,15,1011,36,0,61,545
CUST-000640,Female,Professional,75303.0,68.8,95.6,Current,0.0,,81.0,True,13,644,36,1,142,647
CUST-000641,Female,Self-Employed,34331.0,0.0,89.4,Arrears,0.0,,95.4,True,10,1764,36,5,164,581
CUST-000642,Female,Self-Employed,22331.0,15.9,87.3,Current,0.0,,93.4,True,13,729,36,1,66,622
CUST-000643,Male,Skilled,46307.0,,67.6,None,1072.0,89.9,88.2,False,0,0,48,3,71,600
CUST-000644,Male,Unskilled,14875.0,13.3,66.1,Arrears,0.0,,84.5,True,7,798,24,1,40,530
CUST-000645,Female,Clerical,,29.8,71.3,None,1061.0,80.6,71.0,True,16,1151,24,1,80,612
CUST-000646,Female,Unskilled,23708.0,32.5,68.4,None,546.0,75.8,97.3,True,10,2046,24,1,119,611
CUST-000647,Male,Self-Employed,71954.0,21.8,71.1,Current,0.0,,74.7,False,0,0,60,1,61,634
CUST-000648,Female,Self-Employed,67033.0,36.3,79.2,Current,0.0,,84.7,False,0,0,24,0,99,662
CUST-000649,Female,Self-Employed,37956.0,,77.7,Arrears,0.0,,98.5,True,14,161,24,4,100,549
CUST-000650,Male,Unskilled,24844.0,30.3,67.6,Current,0.0,,85.7,False,0,0,24,2,113,599
CUST-000651,Male,Unemployed,11524.0,25.9,67.3,None,250.0,78.3,93.3,True,13,1141,36,2,85,563
CUST-000652,Female,Clerical,15281.0,31.7,82.9,None,1016.0,97.9,89.4,True,8,2120,60,2,44,607
CUST-000653,Female,Unskilled,,34.9,85.6,None,707.0,55.9,87.4,True,17,603,36,3,63,608
CUST-000654,Male,Self-Employed,23202.0,0.2,65.9,Current,0.0,,67.1,True,11,1292,24,0,143,620
CUST-000655,Female,Skilled,34154.0,44.2,89.6,Current,0.0,,,True,16,1303,48,1,110,620
CUST-000656,Male,Unskilled,18214.0,,67.2,None,472.0,97.4,38.0,True,17,250,60,1,63,561
CUST-000657,Female,Clerical,33710.0,60.2,66.6,Current,0.0,,84.7,False,0,0,36,0,82,595
CUST-000658,Male,Skilled,31209.0,46.8,90.4,Current,0.0,,73.9,False,0,0,36,1,56,638
CUST-000659,Female,Professional,10798.0,58.4,80.6,Current,0.0,,66.3,False,0,0,36,0,29,566
CUST-000660,Male,Clerical,29158.0,14.8,54.9,None,366.0,91.5,90.1,True,10,1971,36,3,82,614
CUST-000661,Male,Unskilled,26938.0,27.6,96.3,None,1255.0,83.2,98.1,False,0,0,48,1,61,661
CUST-000662,Female,Clerical,32882.0,10.2,90.2,Current,0.0,,93.2,True,17,1467,36,0,99,693
CUST-000663,Male,Clerical,25689.0,20.9,91.5,Current,0.0,,89.1,True,9,72,36,0,176,699
CUST-000664,Male,Clerical,56329.0,60.0,95.2,None,757.0,86.4,66.7,False,0,0,24,0,108,652
CUST-000665,Male,Skilled,34045.0,64.7,97.8,None,735.0,62.1,88.0,True,16,1788,24,2,97,594
CUST-000666,Female,Self-Employed,39312.0,12.0,94.2,Arrears,0.0,,91.9,False,0,0,12,1,126,575
CUST-000667,Female,Unskilled,32284.0,25.8,78.9,Current,0.0,,97.5,True,18,881,36,2,49,664
CUST-000668,Other,Professional,50674.0,33.5,85.9,None,671.0,98.1,77.9,True,16,2008,60,1,113,672
CUST-000669,Male,Skilled,19756.0,46.7,67.9,Current,0.0,,83.4,True,20,561,12,2,50,561
CUST-000670,Male,Skilled,9878.0,0.0,88.1,Current,0.0,,94.8,False,0,0,24,1,111,718
CUST-000671,Male,Skilled,23875.0,2.9,84.0,None,1338.0,85.9,58.2,True,15,927,36,0,92,750
CUST-000672,Female,Skilled,41678.0,44.8,45.9,None,787.0,64.1,77.2,True,19,1815,12,2,55,513
CUST-000673,Other,Clerical,22951.0,0.0,61.3,Arrears,0.0,,91.9,True,16,1653,24,1,92,562
CUST-000674,Female,Skilled,,26.1,52.7,Current,0.0,,91.5,False,0,0,48,3,32,596
CUST-000675,Female,Skilled,31642.0,38.2,70.2,None,1508.0,69.7,64.2,True,11,1341,24,0,46,559
CUST-000676,Male,Skilled,52836.0,43.3,88.0,Current,0.0,,90.4,False,0,0,36,2,60,599
CUST-000677,Female,Skilled,25912.0,32.2,93.7,Current,0.0,,74.8,True,16,1955,36,0,41,676
CUST-000678,Female,Unskilled,24903.0,27.7,84.5,Current,0.0,,65.3,True,17,1392,36,3,122,630
CUST-000679,Male,Self-Employed,40537.0,51.9,72.0,None,1257.0,83.6,100.0,True,15,1556,24,0,104,616
CUST-000680,Male,Clerical,52877.0,40.7,83.9,None,445.0,26.3,83.9,True,17,586,24,0,99,619
CUST-000681,Male,Self-Employed,14978.0,22.1,68.4,None,624.0,75.4,55.4,False,0,0,12,2,50,595
CUST-000682,Male,Unskilled,16416.0,35.8,81.0,Arrears,0.0,,64.5,True,11,1882,36,2,97,491
CUST-000683,Male,Professional,63060.0,42.7,82.8,Current,0.0,,84.9,False,0,0,24,2,105,623
CUST-000684,Male,Skilled,59336.0,69.4,92.8,Current,0.0,,86.4,True,12,1301,36,0,81,621
CUST-000685,Female,Clerical,29972.0,50.7,47.0,None,1064.0,61.3,49.8,False,0,0,36,3,92,520
CUST-000686,Male,Self-Employed,28300.0,59.3,94.2,Current,0.0,,97.3,False,0,0,48,1,99,613
CUST-000687,Male,Clerical,37824.0,22.8,79.9,Current,0.0,,54.5,False,0,0,48,3,55,584
CUST-000688,Female,Self-Employed,47726.0,24.5,91.1,Current,0.0,,64.0,True,12,944,24,0,147,721
CUST-000689,Female,Clerical,22883.0,30.3,80.4,None,970.0,91.8,89.5,False,0,0,24,0,74,651
CUST-000690,Female,Skilled,34336.0,32.1,95.8,Current,0.0,,79.1,True,18,424,12,1,104,672
CUST-000691,Male,Unemployed,13729.0,14.8,51.1,None,650.0,67.9,62.9,True,18,300,48,0,67,604
CUST-000692,Female,Clerical,62988.0,60.3,86.9,None,1099.0,69.4,73.1,False,0,0,36,2,112,605
CUST-000693,Male,Unskilled,28183.0,52.7,76.3,Current,0.0,,73.7,True,14,704,24,1,69,609
CUST-000694,Male,Unemployed,8233.0,28.9,91.9,None,923.0,98.5,87.1,False,0,0,36,2,62,646
CUST-000695,Female,Unskilled,19692.0,47.8,99.5,None,858.0,86.3,80.3,True,10,1074,24,1,65,611
CUST-000696,Female,Professional,55317.0,39.5,83.7,Current,0.0,,83.5,True,17,2124,36,1,99,674
CUST-000697,Female,Unskilled,19154.0,49.4,81.5,None,675.0,91.3,90.4,False,0,0,24,1,105,632
CUST-000698,Female,Professional,46880.0,8.1,94.3,Current,0.0,,99.7,True,15,1324,24,1,120,727
CUST-000699,Female,Clerical,16713.0,32.1,82.2,Current,0.0,,70.6,False,0,0,48,1,102,678
CUST-000700,Male,Unskilled,36170.0,,74.0,Current,0.0,,87.0,False,0,0,36,0,94,648
CUST-000701,Male,Self-Employed,,47.5,77.3,None,723.0,86.1,84.3,True,16,1673,36,1,61,578
CUST-000702,Male,Skilled,24364.0,22.4,97.1,Current,0.0,,90.6,True,19,407,36,4,28,636
CUST-000703,Male,Clerical,28111.0,0.0,90.7,Current,0.0,,86.2,True,18,1171,12,2,108,690
CUST-000704,Female,Unskilled,49427.0,13.4,72.0,None,1011.0,72.6,85.8,True,14,864,24,1,96,633
CUST-000705,Male,Self-Employed,26692.0,33.8,96.1,Current,0.0,,91.3,False,0,0,36,1,61,603
CUST-000706,Female,Skilled,21930.0,36.3,96.4,Arrears,0.0,,53.5,False,0,0,24,1,28,538
CUST-000707,Female,Unskilled,15748.0,68.7,61.2,None,1119.0,69.3,87.0,True,15,1308,36,3,70,563
CUST-000708,Female,Clerical,56755.0,46.7,,None,800.0,54.4,69.3,True,13,1531,36,2,128,666
CUST-000709,Male,Professional,12142.0,36.6,81.0,Current,0.0,,94.6,True,21,1748,24,2,43,616
CUST-000710,Male,Skilled,18846.0,34.4,,Current,0.0,,,True,14,181,24,2,136,676
CUST-000711,Other,Unemployed,,57.1,86.9,Current,0.0,,70.5,True,15,715,36,1,186,650
CUST-000712,Female,Clerical,35098.0,23.2,97.2,None,897.0,88.7,84.9,False,0,0,12,0,69,680
CUST-000713,Female,Clerical,16355.0,32.2,74.3,None,1266.0,73.7,72.1,True,11,471,48,4,64,586
CUST-000714,Female,Professional,42241.0,13.2,99.5,Current,0.0,,60.2,False,0,0,12,0,81,675
CUST-000715,Female,Unskilled,20799.0,63.4,89.9,Arrears,0.0,,54.2,True,14,1367,12,0,61,483
CUST-000716,Male,Clerical,39370.0,42.8,66.7,None,661.0,76.9,88.0,False,0,0,48,2,168,603
CUST-000717,Female,Skilled,,20.8,88.3,Current,0.0,,94.6,False,0,0,24,1,94,685
CUST-000718,Male,Unemployed,9613.0,32.7,93.0,None,1078.0,55.8,99.7,False,0,0,36,3,159,684
CUST-000719,Female,Professional,33762.0,45.2,94.4,None,1263.0,75.5,67.8,True,21,1699,24,0,52,601
CUST-000720,Female,Skilled,42171.0,30.0,78.3,Current,0.0,,93.1,True,19,1572,12,0,95,637
CUST-000721,Female,Skilled,21614.0,24.3,45.2,None,854.0,93.4,74.1,True,12,353,36,0,54,601
CUST-000722,Male,Self-Employed,20279.0,21.9,90.8,Current,0.0,,53.9,True,13,1463,36,1,40,622
CUST-000723,Male,Clerical,12186.0,41.8,,None,1074.0,77.2,86.7,True,17,402,24,1,52,552
CUST-000724,Female,Clerical,13302.0,27.8,92.2,Current,0.0,,97.8,False,0,0,48,1,55,641
CUST-000725,Male,Professional,28756.0,25.9,85.8,None,908.0,65.0,52.4,True,13,2148,12,1,75,687
CUST-000726,Male,Self-Employed,19002.0,8.3,81.9,Current,0.0,,82.1,True,24,571,48,0,34,669
CUST-000727,Male,Self-Employed,37171.0,36.6,71.7,Arrears,0.0,,86.5,True,15,1542,36,1,160,574
CUST-000728,Male,Professional,25091.0,31.4,90.1,None,644.0,68.7,69.7,False,0,0,60,4,91,625
CUST-000729,Male,Clerical,8000.0,28.6,94.8,None,640.0,86.0,54.8,True,15,1550,48,4,94,624
CUST-000730,Female,Unskilled,12614.0,39.0,66.8,Arrears,0.0,,79.7,True,12,898,48,1,76,562
CUST-000731,Male,Professional,34810.0,50.0,88.7,None,893.0,64.1,78.7,True,12,985,60,0,132,647
CUST-000732,Male,Clerical,20487.0,49.0,70.5,Current,0.0,,84.6,False,0,0,48,0,65,607
CUST-000733,Male,Skilled,58636.0,46.1,79.8,Current,0.0,,70.4,True,12,1037,48,2,99,630
CUST-000734,Male,Clerical,20413.0,30.2,66.8,Current,0.0,,92.0,False,0,0,24,1,51,632
CUST-000735,Male,Clerical,39991.0,23.7,97.5,None,1247.0,71.8,97.3,True,8,1578,48,2,83,728
CUST-000736,Female,Skilled,29342.0,14.1,57.0,None,1276.0,97.8,97.2,False,0,0,36,1,82,611
CUST-000737,Male,Professional,42233.0,23.1,55.8,None,623.0,88.1,84.8,False,0,0,60,1,64,623
CUST-000738,Male,Skilled,20321.0,35.4,46.6,None,420.0,90.5,62.8,False,0,0,36,2,88,559
CUST-000739,Male,Self-Employed,31441.0,19.3,80.1,None,1129.0,58.5,94.2,True,16,1391,24,0,97,635
CUST-000740,Male,Skilled,20974.0,36.9,42.3,Arrears,0.0,,99.0,True,14,1761,24,2,102,514
CUST-000741,Male,Professional,46468.0,15.7,49.3,None,1317.0,76.3,93.4,True,10,352,24,1,104,671
CUST-000742,Male,Unskilled,18142.0,1.8,90.5,None,995.0,77.6,85.5,True,15,469,36,0,73,711
CUST-000743,Female,Professional,28139.0,51.4,62.5,None,251.0,90.8,95.0,True,14,1305,36,1,114,586
CUST-000744,Male,Self-Employed,50447.0,25.5,92.1,None,960.0,85.9,83.9,False,0,0,24,2,95,636
CUST-000745,Female,Clerical,32600.0,18.3,78.3,Current,0.0,,85.8,True,16,1101,24,0,37,666
CUST-000746,Female,Self-Employed,26389.0,13.1,96.1,None,1226.0,90.3,94.2,False,0,0,24,3,44,629
CUST-000747,Male,Professional,45958.0,,78.1,Current,0.0,,97.7,False,0,0,48,0,63,617
CUST-000748,Male,Professional,41452.0,62.5,94.2,Current,0.0,,82.0,False,0,0,24,1,67,636
CUST-000749,Female,Skilled,20028.0,26.9,90.4,None,674.0,97.3,76.3,False,0,0,12,0,88,682
CUST-000750,Female,Professional,44433.0,30.7,73.8,Current,0.0,,77.2,True,15,525,36,2,139,634
CUST-000751,Male,Clerical,20344.0,56.4,96.1,None,1010.0,75.8,63.2,True,15,104,12,1,95,619
CUST-000752,Male,Self-Employed,21102.0,0.0,48.2,None,612.0,52.8,78.3,True,9,604,36,3,87,592
CUST-000753,Male,Unskilled,9721.0,74.3,89.1,Arrears,0.0,,97.3,False,0,0,48,2,29,468
CUST-000754,Male,Professional,36630.0,83.9,88.4,Current,0.0,,98.8,True,14,1352,24,0,35,592
CUST-000755,Female,Unskilled,26042.0,0.0,86.3,None,1020.0,98.5,42.7,True,16,1038,48,4,138,604
CUST-000756,Male,Self-Employed,23617.0,33.0,69.5,Current,0.0,,65.4,False,0,0,36,0,65,630
CUST-000757,Male,Unskilled,62733.0,20.6,82.3,None,788.0,61.6,92.6,True,9,165,12,2,110,757
CUST-000758,Female,Self-Employed,48092.0,29.7,57.0,Current,0.0,,91.1,False,0,0,24,2,108,619
CUST-000759,Male,Self-Employed,58062.0,26.6,95.4,Current,0.0,,60.6,False,0,0,24,0,197,752
CUST-000760,Male,Skilled,42327.0,51.2,99.8,None,691.0,76.5,85.2,True,11,1253,24,4,164,649
CUST-000761,Female,Skilled,68125.0,32.7,78.9,Current,0.0,,72.4,True,15,812,24,1,217,659
CUST-000762,Male,Unskilled,14160.0,16.8,82.9,Current,0.0,,61.4,True,18,1418,60,2,98,695
CUST-000763,Male,Professional,13598.0,31.6,93.0,None,615.0,47.8,92.5,True,20,619,24,2,139,640
CUST-000764,Male,Clerical,22010.0,45.3,90.6,Current,0.0,,77.7,False,0,0,60,1,47,648
CUST-000765,Female,Professional,55337.0,11.3,45.9,Current,0.0,,96.4,True,12,1472,36,0,197,679
CUST-000766,Male,Unemployed,8640.0,2.1,78.9,None,994.0,59.8,78.6,False,0,0,36,0,103,701
CUST-000767,Male,Skilled,33499.0,74.9,85.4,Current,0.0,,90.0,False,0,0,36,1,75,602
CUST-000768,Male,Self-Employed,58497.0,22.2,67.6,Current,0.0,,86.5,False,0,0,48,1,133,632
CUST-000769,Male,Unskilled,23962.0,32.3,83.8,Arrears,0.0,,85.9,True,13,1977,60,0,130,565
CUST-000770,Female,Unemployed,11563.0,27.0,71.4,None,250.0,77.5,87.2,True,19,2037,12,0,93,697
CUST-000771,Male,Professional,28203.0,46.0,81.5,Current,0.0,,98.1,True,12,1471,24,1,27,624
CUST-000772,Female,Self-Employed,19720.0,70.5,64.1,Current,0.0,,84.9,True,14,2067,24,3,131,620
CUST-000773,Female,Unskilled,41717.0,46.6,54.8,Arrears,0.0,,74.5,True,19,1799,24,2,86,482
CUST-000774,Female,Professional,45045.0,4.6,87.3,None,741.0,93.8,69.2,True,18,860,12,0,109,719
CUST-000775,Male,Self-Employed,24389.0,7.3,83.9,Current,0.0,,93.1,False,0,0,36,4,52,601
CUST-000776,Female,Clerical,20341.0,27.0,80.5,Current,0.0,,85.2,True,15,272,12,0,68,645
CUST-000777,Female,Skilled,22097.0,29.6,73.2,None,502.0,98.3,89.9,True,21,1960,48,0,64,693
CUST-000778,Male,Skilled,21510.0,0.6,81.7,None,1097.0,68.4,99.9,False,0,0,48,1,46,646
CUST-000779,Female,Clerical,15102.0,51.4,79.0,Current,0.0,,94.9,True,13,1253,24,1,29,576
CUST-000780,Female,Professional,21913.0,13.3,90.6,Current,0.0,,91.8,True,18,2028,24,0,70,704
CUST-000781,Male,Professional,39429.0,64.9,67.0,Current,0.0,,80.6,True,9,319,36,3,61,563
CUST-000782,Female,Professional,32965.0,,81.9,None,512.0,57.8,81.9,True,12,241,12,1,91,654
CUST-000783,Male,Skilled,48705.0,30.0,78.3,Current,0.0,,69.2,True,14,774,24,0,105,651
CUST-000784,Female,Clerical,30696.0,43.8,94.3,None,919.0,88.7,99.5,True,10,206,24,1,160,684
CUST-000785,Other,Professional,48504.0,10.4,91.6,Current,0.0,,86.8,True,14,547,24,1,31,688
CUST-000786,Male,Self-Employed,23108.0,47.5,88.1,None,969.0,51.6,93.1,True,15,431,36,0,63,609
CUST-000787,Female,Self-Employed,30573.0,25.0,79.9,None,943.0,96.1,,True,9,1021,24,1,134,624
CUST-000788,Male,Skilled,34814.0,13.3,47.9,Arrears,0.0,,92.2,False,0,0,24,2,96,488
CUST-000789,Female,Unemployed,11140.0,29.2,84.7,Current,0.0,,91.3,False,0,0,36,1,91,553
CUST-000790,Female,Clerical,25790.0,25.7,96.8,None,788.0,61.1,67.8,True,15,686,36,2,86,651
CUST-000791,Male,Unskilled,32791.0,28.5,68.1,None,1353.0,74.8,73.0,False,0,0,24,1,125,596
CUST-000792,Male,Professional,43200.0,54.0,,Current,0.0,,78.2,False,0,0,12,2,94,617
CUST-000793,Male,Self-Employed,46125.0,19.3,71.3,Arrears,0.0,,82.8,True,15,753,12,3,95,579
CUST-000794,Male,Unemployed,8000.0,69.7,,None,1203.0,58.2,87.3,True,10,1765,36,1,44,519
CUST-000795,Male,Unskilled,8925.0,8.5,92.3,Arrears,0.0,,93.2,True,12,888,24,0,48,611
CUST-000796,Male,Skilled,33392.0,67.3,96.8,None,633.0,85.0,98.3,True,10,559,48,2,96,589
CUST-000797,Male,Skilled,41016.0,14.7,78.6,Current,0.0,,90.0,True,9,1770,12,3,76,626
CUST-000798,Male,Clerical,34853.0,35.0,71.4,None,1010.0,86.6,70.1,False,0,0,48,1,47,653
CUST-000799,Female,Self-Employed,39039.0,25.2,90.7,None,893.0,80.9,89.4,False,0,0,24,2,72,648
CUST-000800,Female,Self-Employed,27597.0,28.1,91.8,Arrears,0.0,,,True,19,981,24,0,114,640
CUST-000801,Female,Unemployed,8000.0,51.0,92.3,None,1100.0,76.9,92.1,False,0,0,48,1,79,692
CUST-000802,Male,Skilled,37933.0,65.0,86.9,Arrears,0.0,,78.1,False,0,0,48,0,68,526
CUST-000803,Female,Professional,52151.0,58.8,95.3,None,1102.0,97.5,94.2,False,0,0,36,0,92,648
CUST-000804,Female,Skilled,22992.0,26.9,89.0,None,557.0,77.7,62.0,False,0,0,12,2,117,585
CUST-000805,Male,Professional,70916.0,38.7,83.9,Arrears,0.0,,48.0,True,15,179,36,3,75,549
CUST-000806,Male,Clerical,18083.0,19.4,95.3,Current,0.0,,88.1,True,14,290,48,1,47,672
CUST-000807,Female,Clerical,20690.0,15.2,92.5,None,1209.0,65.5,76.7,False,0,0,24,1,84,689
CUST-000808,Male,Self-Employed,67421.0,12.1,95.7,Current,0.0,,60.9,True,16,279,24,2,87,728
CUST-000809,Female,Professional,63632.0,26.2,71.1,None,825.0,80.3,69.6,False,0,0,36,0,106,632
CUST-000810,Other,Professional,36640.0,40.0,84.8,Current,0.0,,83.2,False,0,0,36,0,87,703
CUST-000811,Male,Professional,48988.0,0.0,69.7,None,1385.0,80.2,42.1,False,0,0,36,1,98,643
CUST-000812,Male,Unskilled,21633.0,34.1,91.9,Current,0.0,,72.9,True,13,1303,24,0,158,687
CUST-000813,Other,Self-Employed,9384.0,65.3,87.9,None,1075.0,48.6,95.0,False,0,0,48,0,38,601
CUST-000814,Female,Professional,28627.0,57.4,93.2,Current,0.0,,88.3,True,8,1132,48,1,107,620
CUST-000815,Male,Professional,42071.0,23.3,77.6,Arrears,0.0,,94.0,False,0,0,36,1,104,549
CUST-000816,Female,Skilled,25206.0,7.1,80.8,Current,0.0,,63.8,True,14,2102,12,0,103,674
CUST-000817,Female,Clerical,30067.0,44.2,86.1,None,972.0,99.1,97.5,False,0,0,24,0,38,611
CUST-000818,Female,Skilled,49196.0,0.0,95.8,None,1060.0,89.2,68.7,False,0,0,36,0,122,719
CUST-000819,Female,Clerical,23279.0,57.2,96.6,None,973.0,91.3,97.7,True,9,2035,48,0,71,636
CUST-000820,Male,Unskilled,12536.0,30.7,83.5,Current,0.0,,85.6,True,20,118,36,0,78,633
CUST-000821,Male,Clerical,31138.0,71.6,97.2,None,967.0,81.5,44.3,True,13,2065,24,0,79,561
CUST-000822,Female,Self-Employed,27871.0,0.5,96.3,Current,0.0,,76.8,True,10,389,48,1,57,600
CUST-000823,Male,Professional,40126.0,53.4,95.1,None,1028.0,92.7,85.1,False,0,0,24,3,81,651
CUST-000824,Female,Unemployed,8000.0,33.0,87.9,Arrears,0.0,,94.8,False,0,0,60,1,72,587
CUST-000825,Female,Unemployed,,28.4,93.5,Current,0.0,,86.9,True,15,1705,36,1,98,596
CUST-000826,Male,Self-Employed,11778.0,7.6,68.8,Current,0.0,,93.8,True,9,2091,36,1,86,653
CUST-000827,Female,Skilled,24849.0,46.9,83.6,Current,0.0,,97.1,True,6,1030,12,1,77,636
CUST-000828,Male,Professional,42974.0,48.5,76.0,Arrears,0.0,,87.7,True,16,637,24,3,91,489
CUST-000829,Female,Unskilled,14197.0,70.7,87.4,Current,0.0,,76.8,False,0,0,60,1,76,617
CUST-000830,Male,Self-Employed,48399.0,55.2,57.6,Current,0.0,,55.2,True,12,826,36,2,110,603
CUST-000831,Female,Clerical,38792.0,23.1,84.2,Current,0.0,,79.6,True,15,665,36,0,116,707
CUST-000832,Female,Skilled,28964.0,14.9,61.8,None,906.0,74.1,96.4,False,0,0,36,1,116,692
CUST-000833,Male,Skilled,26200.0,7.6,68.4,None,867.0,73.5,95.3,True,16,1567,12,0,70,683
CUST-000834,Female,Unskilled,19186.0,64.5,98.2,Current,0.0,,88.5,False,0,0,48,1,23,587
CUST-000835,Female,Self-Employed,30797.0,,69.8,Current,0.0,,97.4,True,14,1323,12,1,75,642
CUST-000836,Female,Skilled,28568.0,64.6,92.5,None,1161.0,96.5,77.5,True,13,363,24,0,68,634
CUST-000837,Female,Skilled,27193.0,45.5,81.4,None,1076.0,81.4,87.7,True,22,1480,24,0,82,677
CUST-000838,Other,Clerical,30140.0,41.6,92.3,Current,0.0,,70.7,True,14,1255,36,0,182,674
CUST-000839,Male,Clerical,37758.0,28.9,91.7,None,862.0,42.5,95.4,False,0,0,24,1,75,653
CUST-000840,Female,Professional,,48.2,98.0,Current,0.0,,61.4,True,16,79,60,1,103,595
CUST-000841,Male,Self-Employed,,34.7,81.3,Current,0.0,,97.4,True,9,1713,48,0,102,678
CUST-000842,Female,Clerical,12249.0,27.6,92.5,None,715.0,70.8,87.8,True,21,1335,60,1,87,662
CUST-000843,Female,Clerical,39731.0,48.9,72.6,None,780.0,57.1,86.6,True,13,539,36,0,42,588
CUST-000844,Male,Clerical,30111.0,32.1,,None,1036.0,72.0,97.5,False,0,0,24,2,80,599
CUST-000845,Male,Professional,54034.0,19.0,63.8,None,618.0,57.7,80.5,True,17,1174,60,0,112,649
CUST-000846,Female,Skilled,15553.0,47.0,83.5,Current,0.0,,87.8,False,0,0,12,1,54,575
CUST-000847,Male,Clerical,60068.0,,97.1,Current,0.0,,82.4,False,0,0,60,2,55,702
CUST-000848,Female,Professional,32729.0,44.8,98.0,Current,0.0,,43.0,False,0,0,12,1,102,583
CUST-000849,Male,Self-Employed,34822.0,25.9,84.0,None,1093.0,41.4,97.0,True,14,1190,48,1,116,676
CUST-000850,Other,Clerical,39516.0,10.8,88.5,Current,0.0,,75.5,True,23,227,48,1,83,674
CUST-000851,Male,Clerical,17255.0,69.7,68.6,None,869.0,51.3,83.6,True,18,387,36,1,60,518
CUST-000852,Male,Clerical,21039.0,65.9,,Current,0.0,,95.2,False,0,0,48,1,137,572
CUST-000853,Female,Unskilled,21872.0,52.7,84.8,None,328.0,86.6,88.4,True,17,1377,12,0,112,620
CUST-000854,Female,Clerical,97330.0,,79.2,Current,0.0,,80.0,True,15,1842,24,0,87,740
CUST-000855,Male,Self-Employed,36969.0,29.0,83.7,Current,0.0,,98.7,True,8,2129,24,1,91,691
CUST-000856,Male,Unemployed,16629.0,62.6,80.6,None,987.0,97.4,75.8,True,11,1601,60,1,50,589
CUST-000857,Female,Self-Employed,,27.9,91.4,Arrears,0.0,,54.9,True,16,1727,36,2,85,503
CUST-000858,Female,Clerical,31749.0,22.3,54.0,None,839.0,72.7,99.2,True,19,308,12,1,134,616
CUST-000859,Male,Self-Employed,20685.0,72.4,86.4,None,787.0,88.5,55.8,True,16,43,24,1,128,580
CUST-000860,Female,Skilled,47677.0,34.0,94.9,Current,0.0,,78.3,False,0,0,48,0,75,709
CUST-000861,Female,Clerical,13710.0,70.4,57.3,Current,0.0,,82.7,True,12,815,48,1,96,557
CUST-000862,Female,Skilled,60822.0,7.0,43.3,None,1017.0,98.2,48.7,False,0,0,60,0,70,620
CUST-000863,Female,Clerical,29437.0,45.4,84.8,None,976.0,85.8,96.9,True,9,1473,12,0,179,705
CUST-000864,Female,Professional,13061.0,76.4,94.2,None,1446.0,92.9,,False,0,0,36,5,31,594
CUST-000865,Male,Clerical,23081.0,35.6,83.9,Current,0.0,,83.7,False,0,0,24,1,68,672
CUST-000866,Female,Professional,57773.0,29.7,86.7,Current,0.0,,76.4,True,11,1852,36,1,118,692
CUST-000867,Female,Clerical,24181.0,11.6,89.2,None,1343.0,85.9,99.5,True,15,1286,48,2,55,656
CUST-000868,Female,Skilled,40826.0,56.6,68.9,None,484.0,71.5,81.8,False,0,0,24,3,59,585
CUST-000869,Male,Unemployed,8000.0,19.6,77.8,Current,0.0,,90.5,True,12,1838,36,0,70,642
CUST-000870,Male,Professional,23916.0,33.1,48.5,Current,0.0,,98.2,True,20,1484,24,1,60,604
CUST-000871,Female,Skilled,28657.0,10.3,79.3,None,975.0,93.4,75.4,False,0,0,36,0,37,635
CUST-000872,Male,Skilled,30017.0,66.1,97.9,Current,0.0,,89.7,True,15,1423,24,2,81,649
CUST-000873,Other,Professional,36799.0,58.1,76.1,None,626.0,94.1,63.5,True,16,1125,24,2,106,596
CUST-000874,Male,Clerical,46737.0,34.4,87.3,None,406.0,65.0,76.6,False,0,0,24,1,84,666
CUST-000875,Female,Professional,29361.0,11.9,84.6,Current,0.0,,90.3,False,0,0,24,3,80,619
CUST-000876,Female,Professional,49559.0,65.7,74.9,Current,0.0,,65.7,True,15,1639,36,1,106,595
CUST-000877,Male,Clerical,27739.0,27.7,75.5,None,483.0,88.1,94.0,True,17,1395,36,0,155,684
CUST-000878,Male,Clerical,13353.0,12.9,81.6,Current,0.0,,,True,11,104,60,3,62,626
CUST-000879,Female,Skilled,16346.0,0.0,93.1,Current,0.0,,77.7,False,0,0,24,2,87,611
CUST-000880,Female,Professional,43276.0,22.1,99.1,Current,0.0,,78.7,False,0,0,36,1,87,654
CUST-000881,Male,Professional,104982.0,5.9,96.0,Current,0.0,,80.3,False,0,0,60,1,90,751
CUST-000882,Female,Professional,55864.0,22.5,93.7,Current,0.0,,82.6,True,16,995,36,0,122,750
CUST-000883,Female,Skilled,13613.0,49.9,96.2,Arrears,0.0,,55.7,True,17,197,48,1,131,546
CUST-000884,Male,Clerical,8000.0,27.5,98.2,None,1313.0,73.9,,True,12,231,60,2,91,638
CUST-000885,Male,Skilled,41158.0,42.1,95.9,Current,0.0,,86.7,True,13,1035,48,1,39,678
CUST-000886,Male,Clerical,25763.0,20.5,82.4,None,548.0,84.4,58.2,True,16,880,12,1,70,635
CUST-000887,Male,Professional,71939.0,36.3,73.7,Current,0.0,,63.9,True,16,306,24,0,123,681
CUST-000888,Male,Unemployed,8000.0,73.4,83.7,None,461.0,77.9,82.3,False,0,0,24,2,112,576
CUST-000889,Male,Professional,50393.0,28.0,83.4,None,1004.0,71.8,82.1,False,0,0,36,2,54,631
CUST-000890,Female,Professional,62993.0,42.7,95.3,Current,0.0,,73.7,False,0,0,36,2,69,677
CUST-000891,Male,Professional,35194.0,3.7,78.1,None,600.0,62.9,79.6,True,15,1780,12,0,97,700
CUST-000892,Female,Unemployed,8000.0,65.4,72.7,None,963.0,86.1,95.2,False,0,0,24,4,74,543
CUST-000893,Male,Skilled,29932.0,25.5,58.8,None,1375.0,97.2,65.4,True,16,801,24,1,81,569
CUST-000894,Male,Skilled,37779.0,56.0,84.6,Current,0.0,,91.7,True,14,594,36,0,157,615
CUST-000895,Female,Unemployed,8019.0,32.5,59.5,None,538.0,81.7,96.4,True,14,2011,24,1,148,575
CUST-000896,Female,Professional,66723.0,47.2,74.0,None,671.0,45.4,52.6,False,0,0,24,1,75,598
CUST-000897,Male,Unemployed,8000.0,,80.9,Current,0.0,,95.6,True,8,1419,36,1,28,606
CUST-000898,Male,Professional,23676.0,26.0,69.4,Arrears,0.0,,80.1,False,0,0,12,2,76,482
CUST-000899,Male,Skilled,72038.0,56.8,71.6,Current,0.0,,95.8,True,13,38,36,0,130,611
CUST-000900,Female,Clerical,20495.0,19.8,73.5,None,876.0,37.5,68.7,False,0,0,24,1,123,650
CUST-000901,Male,Clerical,20831.0,50.6,73.8,Current,0.0,,68.3,False,0,0,36,3,66,613
CUST-000902,Male,Unemployed,8000.0,27.2,95.5,Current,0.0,,86.2,False,0,0,48,0,50,686
CUST-000903,Male,Professional,44366.0,,92.5,Current,0.0,,98.6,True,7,1529,24,1,104,621
CUST-000904,Female,Unemployed,8000.0,25.8,77.5,Current,0.0,,89.0,True,10,2114,24,2,64,626
CUST-000905,Female,Clerical,26693.0,36.0,79.3,None,868.0,83.7,69.9,True,17,115,60,1,82,649
CUST-000906,Female,Skilled,29069.0,13.5,53.4,Current,0.0,,84.2,False,0,0,36,1,102,607
CUST-000907,Female,Unemployed,8732.0,40.0,89.3,Current,0.0,,98.6,False,0,0,24,0,66,637
CUST-000908,Male,Professional,,35.9,91.9,None,1134.0,57.7,83.5,False,0,0,36,0,39,649
CUST-000909,Male,Unskilled,47038.0,24.2,64.8,None,858.0,88.5,89.5,False,0,0,36,0,71,655
CUST-000910,Male,Skilled,27696.0,33.9,63.5,None,639.0,64.0,94.5,False,0,0,36,4,62,590
CUST-000911,Female,Self-Employed,41923.0,37.7,73.0,Current,0.0,,69.3,False,0,0,48,0,70,645
CUST-000912,Female,Professional,23152.0,22.7,50.5,None,1059.0,89.3,98.0,True,16,2136,12,0,33,603
CUST-000913,Female,Skilled,23941.0,32.4,88.8,Current,0.0,,66.3,True,16,572,36,1,167,648
CUST-000914,Other,Self-Employed,23856.0,14.9,76.8,Current,0.0,,55.9,True,17,401,24,0,49,619
CUST-000915,Other,Skilled,57336.0,81.9,84.5,None,571.0,69.7,84.5,True,17,1971,36,0,125,610
CUST-000916,Female,Professional,33070.0,56.2,59.7,None,951.0,82.5,87.8,True,9,616,24,1,60,563
CUST-000917,Male,Clerical,37841.0,40.5,92.0,None,993.0,99.7,91.0,False,0,0,60,0,74,680
CUST-000918,Male,Unskilled,15057.0,58.4,74.0,None,1220.0,76.8,98.6,False,0,0,36,1,75,574
CUST-000919,Male,Professional,35113.0,0.0,90.6,Current,0.0,,95.1,False,0,0,48,3,68,707
CUST-000920,Female,Self-Employed,28907.0,0.0,89.5,Current,0.0,,94.8,False,0,0,24,2,146,678
CUST-000921,Male,Unemployed,14382.0,27.0,89.4,Current,0.0,,92.8,False,0,0,24,2,266,708
CUST-000922,Female,Professional,18390.0,7.4,73.9,Arrears,0.0,,67.4,False,0,0,48,3,33,546
CUST-000923,Female,Professional,23812.0,30.3,79.4,None,715.0,85.9,74.3,True,13,1759,24,2,121,645
CUST-000924,Female,Self-Employed,13441.0,39.1,84.5,Current,0.0,,92.1,False,0,0,60,2,80,571
CUST-000925,Male,Professional,26387.0,53.4,96.2,Current,0.0,,91.3,True,8,1269,36,0,70,652
CUST-000926,Male,Skilled,20539.0,12.2,98.3,Current,0.0,,86.1,False,0,0,48,0,111,683
CUST-000927,Male,Self-Employed,15612.0,43.0,78.0,None,666.0,78.2,86.3,True,17,290,12,1,122,591
CUST-000928,Female,Skilled,21268.0,35.3,98.8,None,1110.0,65.4,94.2,True,12,1292,24,2,75,661
CUST-000929,Female,Clerical,10866.0,42.0,55.9,Current,0.0,,99.6,True,11,1772,24,1,129,564
CUST-000930,Female,Self-Employed,20419.0,24.6,40.5,Current,0.0,,77.4,False,0,0,60,0,30,571
CUST-000931,Male,Skilled,50792.0,62.7,79.7,None,771.0,84.7,76.7,False,0,0,12,1,119,665
CUST-000932,Male,Professional,51618.0,32.9,92.0,None,1107.0,74.8,77.4,True,18,1940,36,0,94,689
CUST-000933,Male,Skilled,32198.0,70.5,81.9,Current,0.0,,93.3,True,15,1904,36,2,91,593
CUST-000934,Female,Unskilled,12850.0,19.2,95.7,Current,0.0,,84.7,False,0,0,48,1,114,673
CUST-000935,Female,Self-Employed,16173.0,49.9,44.5,Current,0.0,,60.0,True,8,1024,60,0,97,577
CUST-000936,Male,Skilled,17724.0,33.8,84.5,None,859.0,94.1,,False,0,0,48,0,166,652
CUST-000937,Female,Clerical,26385.0,28.4,68.5,None,647.0,59.5,71.9,False,0,0,24,0,183,642
CUST-000938,Male,Professional,63620.0,47.6,91.4,Current,0.0,,98.3,False,0,0,48,0,93,656
CUST-000939,Female,Clerical,40379.0,29.0,80.6,Current,0.0,,93.4,True,18,203,36,0,54,630
CUST-000940,Male,Professional,57170.0,0.0,88.0,None,684.0,66.7,61.1,False,0,0,36,0,95,729
CUST-000941,Male,Unemployed,8000.0,0.0,90.0,Current,0.0,,93.6,False,0,0,24,1,45,656
CUST-000942,Female,Clerical,27202.0,60.4,77.0,None,970.0,66.7,97.7,True,12,1994,48,0,67,628
CUST-000943,Male,Unskilled,,,,Current,0.0,,63.5,False,0,0,24,1,81,576
CUST-000944,Male,Professional,39319.0,72.7,77.4,None,901.0,51.2,81.0,True,14,330,48,1,48,557
CUST-000945,Male,Clerical,67286.0,34.6,56.4,Current,0.0,,54.7,False,0,0,24,2,120,585
CUST-000946,Male,Clerical,12175.0,9.1,97.9,Arrears,0.0,,98.5,True,18,754,36,2,70,610
CUST-000947,Female,Clerical,24207.0,26.6,83.9,None,914.0,86.5,54.1,True,15,1684,12,0,58,636
CUST-000948,Female,Self-Employed,55693.0,35.2,69.6,None,770.0,73.0,95.6,True,9,1689,12,0,43,633
CUST-000949,Female,Unemployed,8000.0,14.9,48.8,None,786.0,83.9,91.1,False,0,0,60,1,110,617
CUST-000950,Male,Unskilled,15103.0,68.0,89.0,None,895.0,88.8,45.9,True,19,518,36,1,122,623
CUST-000951,Female,Professional,33926.0,79.8,77.2,Arrears,0.0,,74.6,True,8,707,24,0,125,517
CUST-000952,Male,Self-Employed,29198.0,44.6,91.6,Arrears,0.0,,73.6,True,12,709,36,1,56,531
CUST-000953,Male,Professional,20990.0,34.8,66.3,None,843.0,74.6,76.8,False,0,0,48,1,93,610
CUST-000954,Male,Unskilled,26376.0,9.1,73.6,Current,0.0,,88.0,True,17,1703,36,4,130,618
CUST-000955,Female,Skilled,39940.0,65.9,81.2,None,964.0,78.2,86.0,False,0,0,24,2,98,610
CUST-000956,Female,Clerical,33819.0,36.5,88.8,Current,0.0,,75.7,True,16,1575,48,1,92,649
CUST-000957,Female,Professional,29095.0,29.2,93.2,Current,0.0,,82.1,False,0,0,12,0,161,673
CUST-000958,Female,Professional,44754.0,44.6,94.9,None,1410.0,94.4,79.5,False,0,0,36,0,164,680
CUST-000959,Female,Clerical,17948.0,23.3,94.6,Current,0.0,,85.2,False,0,0,36,1,63,650
CUST-000960,Female,Unskilled,17373.0,37.9,94.4,Current,0.0,,86.2,True,20,1044,36,1,58,661
CUST-000961,Female,Self-Employed,85083.0,6.2,87.2,None,1100.0,92.6,40.2,True,17,2155,24,0,86,676
CUST-000962,Male,Unemployed,8426.0,56.7,93.0,Arrears,0.0,,89.2,True,18,1228,24,0,27,509
CUST-000963,Male,Professional,25226.0,32.9,76.6,None,1192.0,98.3,85.9,True,16,1821,60,0,144,648
CUST-000964,Male,Skilled,32095.0,58.2,98.5,None,1321.0,79.6,82.0,True,9,1956,48,0,94,669
CUST-000965,Female,Clerical,14643.0,,80.0,Arrears,0.0,,95.5,True,20,2161,60,0,62,576
CUST-000966,Female,Skilled,17253.0,32.3,,None,679.0,51.8,87.9,False,0,0,48,2,79,655
CUST-000967,Female,Clerical,16840.0,10.8,77.7,None,838.0,90.4,91.4,False,0,0,12,2,145,684
CUST-000968,Male,Clerical,22028.0,50.2,87.2,None,1022.0,77.8,91.5,True,17,1315,36,2,40,639
CUST-000969,Female,Skilled,45114.0,17.5,95.2,None,1101.0,94.0,93.2,False,0,0,24,0,152,729
CUST-000970,Male,Professional,55842.0,25.3,80.9,None,827.0,68.1,90.8,False,0,0,24,0,95,659
CUST-000971,Male,Skilled,37446.0,35.0,70.2,None,680.0,77.8,99.7,False,0,0,24,2,104,628
CUST-000972,Male,Skilled,18048.0,37.4,38.5,Current,0.0,,96.0,True,11,690,24,3,96,511
CUST-000973,Male,Professional,33739.0,0.9,59.7,Current,0.0,,64.9,True,14,2119,12,2,158,656
CUST-000974,Female,Unemployed,9122.0,30.4,87.4,Current,0.0,,89.1,True,12,993,12,1,47,617
CUST-000975,Male,Skilled,22305.0,50.9,97.1,Current,0.0,,94.4,True,16,529,36,1,197,685
CUST-000976,Female,Unskilled,17802.0,27.4,66.1,None,567.0,85.7,61.8,True,19,1520,60,1,42,586
CUST-000977,Male,Skilled,36095.0,30.5,63.9,Arrears,0.0,,60.0,True,11,557,24,0,65,515
CUST-000978,Male,Self-Employed,27595.0,38.2,79.6,Current,0.0,,81.7,True,12,906,12,1,108,642
CUST-000979,Female,Self-Employed,,32.5,69.0,Arrears,0.0,,79.1,False,0,0,24,1,150,556
CUST-000980,Male,Unskilled,41318.0,14.4,61.0,Current,0.0,,86.4,True,12,1069,36,2,64,603
CUST-000981,Other,Skilled,27391.0,34.3,69.7,None,847.0,77.8,83.3,True,8,282,24,1,44,575
CUST-000982,Female,Clerical,45739.0,,95.4,None,492.0,53.7,52.2,True,13,378,36,0,159,674
CUST-000983,Female,Professional,55366.0,14.0,61.8,Current,0.0,,91.5,False,0,0,24,0,83,625
CUST-000984,Male,Skilled,15291.0,27.5,97.9,Current,0.0,,85.9,False,0,0,48,1,65,709
CUST-000985,Male,Professional,26214.0,7.4,75.6,Current,0.0,,94.1,False,0,0,36,1,86,698
CUST-000986,Female,Clerical,18488.0,53.8,85.4,Current,0.0,,58.1,True,18,1419,24,3,75,537
CUST-000987,Male,Professional,29300.0,33.2,63.1,None,783.0,94.3,97.3,True,17,1242,60,0,111,651
CUST-000988,Male,Skilled,28415.0,18.0,90.4,None,642.0,85.5,78.9,True,15,1887,36,1,48,688
CUST-000989,Male,Professional,56760.0,36.8,64.2,Arrears,0.0,,98.2,True,13,83,24,1,57,526
CUST-000990,Female,Skilled,52059.0,10.9,86.7,None,943.0,63.1,66.8,True,17,215,36,1,110,696
CUST-000991,Female,Self-Employed,,14.3,87.6,Current,0.0,,73.7,False,0,0,24,1,105,673
CUST-000992,Female,Unskilled,16511.0,5.8,94.9,Arrears,0.0,,95.9,True,13,1982,60,0,104,642
CUST-000993,Female,Clerical,10541.0,13.7,61.8,None,1490.0,63.8,84.4,True,6,1234,24,0,99,618
CUST-000994,Male,Skilled,30549.0,62.1,59.5,None,921.0,94.4,91.4,False,0,0,48,2,44,583
CUST-000995,Female,Skilled,29939.0,20.3,86.6,Current,0.0,,97.8,False,0,0,36,2,107,664
CUST-000996,Male,Skilled,32133.0,44.3,97.1,Current,0.0,,74.2,False,0,0,36,1,107,648
CUST-000997,Female,Skilled,76353.0,18.3,58.4,Current,0.0,,78.5,True,14,530,24,1,70,659
CUST-000998,Male,Professional,75227.0,50.2,90.3,None,825.0,90.5,91.9,True,11,1308,12,0,152,724
CUST-000999,Other,Unemployed,11491.0,14.5,79.7,None,753.0,86.6,96.5,True,10,1673,48,0,49,587
CUST-001000,Male,Professional,27919.0,35.8,83.8,None,1063.0,25.1,95.9,True,15,911,36,0,54,566
CUST-001001,Male,Unskilled,16018.0,36.1,69.5,None,1122.0,96.1,99.2,True,21,1051,60,1,105,632
CUST-001002,Male,Skilled,28357.0,81.6,91.8,None,1080.0,98.7,83.4,False,0,0,36,1,50,574
CUST-001003,Male,Clerical,18979.0,47.6,76.9,Current,0.0,,99.2,True,10,2157,36,0,70,586
CUST-001004,Male,Self-Employed,40438.0,23.1,62.4,None,1391.0,67.3,84.5,True,16,1020,60,0,76,623
CUST-001005,Female,Professional,50545.0,48.7,60.8,Current,0.0,,95.3,True,15,472,36,0,76,695
CUST-001006,Male,Self-Employed,19783.0,77.8,89.7,Arrears,0.0,,73.0,False,0,0,24,2,55,455
CUST-001007,Female,Skilled,50710.0,2.4,78.0,Current,0.0,,77.5,True,12,421,48,0,198,747
CUST-001008,Male,Professional,45073.0,18.2,43.8,Current,0.0,,94.8,True,14,1159,24,0,117,608
CUST-001009,Female,Professional,19770.0,30.3,57.5,None,804.0,87.3,95.2,False,0,0,36,4,58,528
CUST-001010,Male,Self-Employed,31546.0,26.7,66.4,Current,0.0,,53.9,True,17,1185,24,2,29,564
CUST-001011,Female,Clerical,30532.0,28.3,79.9,None,919.0,95.3,75.5,False,0,0,60,2,64,584
CUST-001012,Female,Unskilled,31259.0,8.9,84.6,None,613.0,91.9,68.0,True,13,1645,60,0,96,634
CUST-001013,Male,Self-Employed,27735.0,63.1,98.1,Current,0.0,,78.8,False,0,0,48,0,70,615
CUST-001014,Female,Self-Employed,46859.0,6.5,96.9,None,1144.0,88.5,91.1,True,20,807,24,1,106,686
CUST-001015,Male,Clerical,29267.0,31.0,75.7,None,1211.0,78.0,91.4,True,18,1292,36,0,52,632
CUST-001016,Male,Self-Employed,17864.0,55.9,77.1,Current,0.0,,88.8,True,10,190,24,0,81,616
CUST-001017,Female,Unemployed,8000.0,34.4,91.0,Current,0.0,,80.7,False,0,0,24,1,104,623
CUST-001018,Female,Professional,71336.0,15.4,92.7,None,490.0,47.4,86.8,True,20,788,48,1,106,730
CUST-001019,Male,Clerical,46083.0,,94.8,None,1728.0,81.6,89.6,False,0,0,12,0,81,693
CUST-001020,Male,Clerical,31111.0,30.4,96.9,None,1153.0,86.4,88.3,True,16,1337,12,1,103,673
CUST-001021,Female,Clerical,52737.0,19.9,78.2,Current,0.0,,99.2,False,0,0,36,0,46,610
CUST-001022,Female,Self-Employed,51937.0,39.1,76.4,Current,0.0,,45.9,True,20,1212,48,1,126,634
CUST-001023,Other,Skilled,40253.0,7.0,94.3,None,833.0,69.8,51.6,True,20,1213,24,0,41,737
CUST-001024,Female,Skilled,19638.0,51.3,67.2,Current,0.0,,78.7,False,0,0,36,4,118,592
CUST-001025,Female,Clerical,58638.0,37.3,51.0,Arrears,0.0,,99.5,True,13,723,60,3,86,507
CUST-001026,Male,Professional,54794.0,38.8,67.3,Current,0.0,,94.5,False,0,0,12,0,44,597
CUST-001027,Female,Clerical,22615.0,63.8,65.8,Current,0.0,,65.7,False,0,0,48,1,115,620
CUST-001028,Male,Unskilled,14937.0,26.2,86.2,Current,0.0,,64.4,True,10,1265,36,0,123,652
CUST-001029,Female,Skilled,,20.5,81.6,Current,0.0,,41.4,False,0,0,24,0,75,621
CUST-001030,Male,Clerical,12683.0,24.0,75.6,Arrears,0.0,,94.7,True,11,2147,12,0,118,555
CUST-001031,Female,Self-Employed,44231.0,31.1,82.4,None,933.0,99.2,54.0,False,0,0,24,2,100,689
CUST-001032,Female,Professional,28026.0,33.2,87.6,None,923.0,81.8,87.1,False,0,0,48,2,101,643
CUST-001033,Female,Clerical,31786.0,18.4,85.6,None,1027.0,19.0,73.8,True,11,595,36,2,141,680
CUST-001034,Female,Clerical,21275.0,0.0,94.2,Current,0.0,,94.0,True,14,976,24,1,93,695
CUST-001035,Male,Unemployed,8000.0,23.8,66.0,None,1224.0,73.8,86.7,False,0,0,24,1,108,618
CUST-001036,Female,Self-Employed,22965.0,42.2,99.0,Current,0.0,,86.3,True,5,2187,48,3,177,655
CUST-001037,Male,Skilled,27522.0,37.7,83.2,None,464.0,64.5,40.7,True,13,1185,24,0,118,671
CUST-001038,Male,Professional,100733.0,59.0,94.7,Current,0.0,,86.6,False,0,0,12,2,106,679
CUST-001039,Male,Professional,80280.0,74.1,77.3,None,798.0,86.1,94.9,True,12,122,60,2,119,589
CUST-001040,Male,Skilled,34711.0,50.2,97.0,Current,0.0,,77.5,True,21,1274,24,1,66,652
CUST-001041,Male,Clerical,26599.0,62.7,88.9,None,1003.0,65.7,99.3,False,0,0,48,0,94,635
CUST-001042,Female,Unskilled,29502.0,50.3,88.4,Current,0.0,,91.9,False,0,0,12,3,75,626
CUST-001043,Female,Self-Employed,53681.0,,78.1,Current,0.0,,,False,0,0,24,1,112,617
CUST-001044,Female,Skilled,20371.0,72.0,76.4,None,952.0,75.5,94.6,True,14,130,24,3,115,565
CUST-001045,Male,Self-Employed,31178.0,54.0,52.5,Current,0.0,,85.4,False,0,0,48,0,63,598
CUST-001046,Male,Unemployed,8000.0,49.1,82.1,Arrears,0.0,,97.4,True,14,1680,36,1,75,583
CUST-001047,Male,Skilled,49055.0,30.9,82.8,Current,0.0,,57.5,True,15,558,24,0,65,595
CUST-001048,Female,Skilled,74950.0,34.2,81.8,Current,0.0,,93.7,True,13,461,48,0,86,686
CUST-001049,Female,Unskilled,20918.0,28.2,84.8,Current,0.0,,57.4,False,0,0,48,3,88,599
CUST-001050,Male,Clerical,10340.0,47.4,82.4,Current,0.0,,92.6,True,7,1965,36,3,63,568
CUST-001051,Female,Unskilled,26538.0,20.6,87.0,Current,0.0,,70.0,True,14,430,36,3,149,596
CUST-001052,Male,Professional,28657.0,31.2,67.5,Arrears,0.0,,65.5,True,8,936,36,2,40,513
CUST-001053,Male,Skilled,21956.0,0.0,61.8,Current,0.0,,91.6,False,0,0,24,3,161,635
CUST-001054,Male,Self-Employed,42799.0,69.5,74.1,None,946.0,78.4,90.4,True,19,343,48,0,125,607
CUST-001055,Male,Skilled,33185.0,30.6,69.7,None,1134.0,66.8,81.4,False,0,0,36,0,110,674
CUST-001056,Female,Skilled,23758.0,44.1,85.1,Current,0.0,,97.4,True,18,563,48,0,113,644
CUST-001057,Female,Skilled,22092.0,64.2,94.5,Current,0.0,,95.9,True,18,1070,48,1,111,624
CUST-001058,Male,Professional,45553.0,41.0,85.4,Current,0.0,,85.0,True,7,1837,48,1,78,610
CUST-001059,Female,Professional,35801.0,63.9,88.0,Arrears,0.0,,55.9,False,0,0,48,0,125,520
CUST-001060,Female,Clerical,16331.0,10.2,85.4,Current,0.0,,79.1,False,0,0,60,2,89,693
CUST-001061,Female,Skilled,25480.0,82.9,86.1,None,1095.0,96.6,86.0,True,20,1873,36,0,41,604
CUST-001062,Female,Skilled,34480.0,56.7,95.7,Current,0.0,,61.0,True,11,586,48,0,66,667
CUST-001063,Male,Clerical,24831.0,39.2,97.7,None,1140.0,56.3,81.7,True,16,824,48,4,54,596
CUST-001064,Female,Unskilled,10681.0,63.5,71.8,Current,0.0,,83.0,True,17,570,24,1,69,583
CUST-001065,Male,Clerical,41985.0,11.6,93.2,Current,0.0,,99.1,False,0,0,36,1,43,715
CUST-001066,Other,Skilled,8629.0,29.2,74.8,None,868.0,43.5,96.6,True,16,1295,36,0,103,658
CUST-001067,Male,Clerical,,63.9,87.2,Current,0.0,,52.2,False,0,0,12,0,118,656
CUST-001068,Female,Professional,32562.0,0.0,69.6,Current,0.0,,88.3,True,14,587,36,0,71,677
CUST-001069,Male,Self-Employed,34510.0,46.2,42.7,None,1041.0,77.5,85.4,True,16,186,12,0,103,580
CUST-001070,Male,Skilled,38103.0,45.6,92.6,Current,0.0,,83.8,True,11,2059,24,2,158,599
CUST-001071,Female,Professional,71471.0,74.4,76.8,Current,0.0,,91.1,True,9,260,36,0,93,641
CUST-001072,Female,Unemployed,8000.0,3.3,80.5,Current,0.0,,99.7,False,0,0,24,2,61,666
CUST-001073,Male,Unskilled,26273.0,67.2,56.1,None,1098.0,82.7,91.8,True,15,1628,48,4,75,564
CUST-001074,Female,Self-Employed,35258.0,23.8,98.7,None,970.0,83.5,91.5,False,0,0,36,0,112,682
CUST-001075,Female,Unskilled,9341.0,26.1,90.0,Current,0.0,,97.3,True,16,2191,24,3,61,630
CUST-001076,Male,Unskilled,47456.0,10.6,95.2,None,1292.0,36.4,90.3,True,20,960,12,0,86,668
CUST-001077,Female,Clerical,14081.0,13.2,77.5,None,755.0,47.4,92.3,True,15,1484,24,2,100,601
CUST-001078,Female,Skilled,35742.0,43.1,67.8,Arrears,0.0,,76.1,True,12,481,36,0,108,554
CUST-001079,Female,Skilled,35270.0,12.8,55.7,Current,0.0,,75.3,True,17,489,48,1,71,649
CUST-001080,Male,Clerical,30456.0,49.8,94.1,Current,0.0,,92.4,True,12,1719,36,0,55,684
CUST-001081,Male,Clerical,21535.0,21.7,70.7,Arrears,0.0,,86.0,False,0,0,12,0,69,565
CUST-001082,Female,Professional,62459.0,10.7,77.6,None,1475.0,89.7,97.9,False,0,0,36,1,97,747
CUST-001083,Female,Skilled,14664.0,24.4,80.2,None,721.0,87.2,79.9,True,13,2029,60,0,85,634
CUST-001084,Female,Self-Employed,31342.0,41.7,77.1,Current,0.0,,83.9,False,0,0,60,2,87,641
CUST-001085,Other,Self-Employed,25049.0,29.5,74.7,None,946.0,90.3,87.5,True,13,1724,36,2,48,575
CUST-001086,Female,Clerical,19835.0,35.7,75.1,None,949.0,65.7,42.1,False,0,0,24,0,66,514
CUST-001087,Female,Professional,52205.0,48.9,93.5,Current,0.0,,82.4,False,0,0,12,0,48,641
CUST-001088,Female,Skilled,48059.0,56.6,87.8,None,750.0,66.6,86.2,True,10,1767,36,1,102,640
CUST-001089,Female,Skilled,25358.0,28.8,87.0,Current,0.0,,98.2,False,0,0,24,0,52,665
CUST-001090,Male,Unskilled,28671.0,14.1,27.4,Current,0.0,,83.4,True,22,374,36,0,44,562
CUST-001091,Male,Unskilled,20634.0,36.5,87.1,Current,0.0,,89.5,True,14,1059,12,2,70,639
CUST-001092,Female,Unskilled,13502.0,44.4,50.4,None,778.0,91.6,97.6,False,0,0,60,0,90,632
CUST-001093,Male,Unskilled,17966.0,5.8,54.5,None,784.0,91.5,73.6,False,0,0,36,0,79,640
CUST-001094,Male,Unemployed,8000.0,17.2,88.3,Current,0.0,,67.6,True,4,1395,60,0,150,654
CUST-001095,Female,Skilled,21629.0,20.6,78.7,Arrears,0.0,,97.2,True,15,828,48,0,37,494
CUST-001096,Male,Professional,52199.0,30.8,78.1,Current,0.0,,79.8,True,12,2162,24,0,51,618
CUST-001097,Male,Professional,47839.0,19.8,63.6,None,635.0,86.1,54.7,True,12,1923,36,2,75,646
CUST-001098,Female,Clerical,,49.1,82.9,Current,0.0,,84.6,True,11,1835,48,0,111,618
CUST-001099,Female,Clerical,12795.0,2.9,45.3,None,840.0,58.5,87.1,True,12,1575,24,1,60,616
CUST-001100,Male,Professional,52110.0,3.4,84.1,None,1128.0,96.6,98.8,False,0,0,12,0,69,722
CUST-001101,Male,Unemployed,8000.0,28.3,96.8,None,448.0,94.4,95.7,False,0,0,24,0,90,673
CUST-001102,Male,Professional,49312.0,31.5,62.1,None,608.0,71.9,63.2,False,0,0,24,1,81,608
CUST-001103,Female,Unemployed,11469.0,5.9,93.5,None,1068.0,85.4,78.3,True,14,2064,36,0,129,680
CUST-001104,Female,Self-Employed,18222.0,22.9,82.2,None,658.0,71.6,97.1,True,18,1721,24,1,70,709
CUST-001105,Male,Skilled,15680.0,27.0,76.8,Current,0.0,,95.9,True,13,658,24,2,113,610
CUST-001106,Female,Self-Employed,68584.0,27.1,82.3,Current,0.0,,91.2,True,15,1512,36,0,98,721
CUST-001107,Male,Clerical,31515.0,38.0,88.8,None,820.0,88.4,63.9,False,0,0,48,1,100,665
CUST-001108,Male,Skilled,,21.8,75.6,None,821.0,53.4,83.2,True,16,2056,24,0,125,678
CUST-001109,Other,Professional,,64.6,89.2,Current,0.0,,72.9,False,0,0,48,0,39,603
CUST-001110,Male,Unemployed,8000.0,44.8,94.7,None,541.0,78.3,86.9,True,22,1569,60,3,25,559
CUST-001111,Male,Clerical,15744.0,18.9,63.7,None,1082.0,62.1,94.7,True,18,440,24,0,35,586
CUST-001112,Male,Clerical,40036.0,36.9,89.0,Current,0.0,,92.2,True,16,254,36,0,60,640
CUST-001113,Female,Self-Employed,22761.0,37.5,86.2,Current,0.0,,85.3,True,16,1983,12,0,127,672
CUST-001114,Female,Skilled,48407.0,59.3,81.4,Current,0.0,,91.3,True,12,1351,36,2,180,672
CUST-001115,Other,Skilled,24712.0,23.0,66.2,None,1151.0,93.1,98.2,False,0,0,48,1,78,637
CUST-001116,Male,Skilled,18505.0,50.3,92.0,None,1321.0,79.8,80.2,True,15,906,12,1,64,630
CUST-001117,Male,Professional,35531.0,35.8,78.8,None,250.0,83.4,90.7,True,11,1399,48,1,100,674
CUST-001118,Female,Self-Employed,9911.0,64.8,79.2,Current,0.0,,72.2,True,18,944,12,0,52,524
CUST-001119,Male,Clerical,25480.0,60.8,79.5,None,1341.0,91.7,83.8,True,17,1411,48,3,92,527
CUST-001120,Female,Clerical,24921.0,38.9,90.4,None,591.0,90.1,72.8,False,0,0,36,0,126,619
CUST-001121,Female,Professional,62389.0,29.8,97.9,None,1324.0,88.4,80.5,False,0,0,24,1,113,724
CUST-001122,Male,Clerical,11512.0,45.1,87.8,Arrears,0.0,,87.0,True,17,1982,60,0,43,486
CUST-001123,Female,Clerical,45381.0,31.4,92.0,None,944.0,65.8,98.6,False,0,0,36,1,87,678
CUST-001124,Male,Skilled,,68.6,79.6,None,634.0,95.8,94.5,True,10,1678,12,1,186,619
CUST-001125,Male,Professional,75616.0,36.6,83.9,Arrears,0.0,,97.1,False,0,0,48,1,125,611
CUST-001126,Female,Professional,42036.0,26.9,42.2,Current,0.0,,87.2,True,12,78,24,1,73,584
CUST-001127,Female,Skilled,46703.0,25.8,86.5,Current,0.0,,92.8,False,0,0,60,2,70,665
CUST-001128,Female,Professional,22202.0,10.7,85.1,Current,0.0,,72.0,False,0,0,24,3,63,623
CUST-001129,Female,Self-Employed,44498.0,46.1,96.7,None,847.0,74.0,93.4,True,5,2151,36,1,122,697
CUST-001130,Other,Unemployed,8000.0,18.6,95.9,Current,0.0,,84.0,True,14,818,36,1,80,705
CUST-001131,Other,Clerical,12796.0,57.0,44.7,None,1255.0,71.3,90.1,True,17,412,36,0,46,578
CUST-001132,Female,Unskilled,12167.0,9.1,64.6,Arrears,0.0,,84.7,True,13,1515,36,1,116,545
CUST-001133,Male,Professional,43152.0,37.5,88.3,None,551.0,81.0,86.5,True,13,1518,24,1,184,664
CUST-001134,Female,Professional,29705.0,58.0,93.2,Current,0.0,,76.2,True,16,1406,36,0,93,645
CUST-001135,Other,Self-Employed,38237.0,0.0,59.5,Current,0.0,,79.1,True,16,1697,24,2,140,705
CUST-001136,Male,Self-Employed,14309.0,75.4,80.3,None,570.0,84.8,76.4,True,11,1123,48,0,44,573
CUST-001137,Male,Unskilled,8000.0,26.5,83.8,None,1263.0,31.5,87.5,False,0,0,12,0,67,666
CUST-001138,Male,Professional,79824.0,37.8,93.0,Current,0.0,,87.3,True,21,963,48,1,74,706
CUST-001139,Male,Self-Employed,48486.0,46.4,87.3,None,666.0,59.2,95.4,True,15,1397,36,2,126,678
CUST-001140,Female,Clerical,16778.0,49.5,74.3,Arrears,0.0,,53.0,True,13,1743,48,2,77,526
CUST-001141,Male,Clerical,26867.0,40.5,74.1,None,773.0,90.8,61.8,False,0,0,24,1,34,554
CUST-001142,Female,Professional,68103.0,54.9,88.1,Current,0.0,,57.0,True,13,237,48,1,71,606
CUST-001143,Female,Unemployed,9747.0,45.4,82.0,Current,0.0,,89.9,True,16,901,36,1,69,614
CUST-001144,Female,Professional,46014.0,70.2,88.0,Current,0.0,,91.3,True,17,1321,60,1,50,648
CUST-001145,Male,Unskilled,33029.0,45.4,83.6,Current,0.0,,99.8,True,13,1708,12,0,55,675
CUST-001146,Male,Skilled,21301.0,74.3,95.9,Current,0.0,,,False,0,0,48,0,126,634
CUST-001147,Female,Self-Employed,32740.0,53.0,84.6,Current,0.0,,87.5,True,15,1743,36,0,62,657
CUST-001148,Female,Self-Employed,32026.0,0.0,94.1,Current,0.0,,98.3,True,18,621,60,0,94,707
CUST-001149,Female,Unskilled,17847.0,87.2,88.1,Current,0.0,,90.1,True,11,80,24,2,116,565
CUST-001150,Female,Professional,36120.0,23.5,69.8,None,1106.0,75.9,92.8,True,18,468,24,1,116,614
CUST-001151,Male,Professional,44480.0,64.9,83.6,None,866.0,98.8,61.4,True,15,290,48,0,164,636
CUST-001152,Female,Skilled,30055.0,35.5,83.1,None,973.0,76.6,96.3,True,15,1491,24,2,126,641
CUST-001153,Male,Clerical,16784.0,56.2,70.2,Current,0.0,,89.2,False,0,0,36,0,85,628
CUST-001154,Male,Professional,61748.0,21.2,56.8,Arrears,0.0,,89.0,True,12,411,24,1,60,561
CUST-001155,Female,Professional,27740.0,47.5,83.7,None,1502.0,79.0,90.8,True,13,1199,60,3,80,612
CUST-001156,Male,Clerical,24387.0,29.9,45.5,Current,0.0,,77.7,True,13,1089,36,3,110,569
CUST-001157,Male,Professional,37689.0,66.6,87.2,None,956.0,55.4,71.4,False,0,0,24,0,61,601
CUST-001158,Male,Professional,,43.8,64.3,Current,0.0,,74.9,True,10,2032,48,2,142,568
CUST-001159,Male,Unskilled,8000.0,53.7,86.9,Current,0.0,,53.6,False,0,0,12,1,73,560
CUST-001160,Female,Clerical,40171.0,0.0,86.7,Current,0.0,,93.9,False,0,0,12,3,118,711
CUST-001161,Male,Unemployed,8000.0,33.3,95.9,Current,0.0,,86.5,False,0,0,48,0,102,662
CUST-001162,Female,Unemployed,13975.0,43.2,88.2,Current,0.0,,95.1,True,15,2002,24,2,107,598
CUST-001163,Female,Professional,34712.0,39.5,73.5,None,554.0,68.9,71.2,False,0,0,24,0,70,658
CUST-001164,Male,Self-Employed,31582.0,54.2,64.5,Current,0.0,,64.5,False,0,0,36,1,158,649
CUST-001165,Male,Skilled,70018.0,27.7,80.2,None,441.0,93.3,87.7,False,0,0,24,3,163,711
CUST-001166,Female,Self-Employed,28496.0,36.0,98.7,Arrears,0.0,,85.1,True,22,1076,60,6,87,549
CUST-001167,Female,Professional,75168.0,58.6,94.5,Current,0.0,,90.5,True,13,55,48,0,73,680
CUST-001168,Female,Professional,43808.0,0.0,98.8,None,890.0,78.7,82.7,True,15,316,48,1,76,710
CUST-001169,Female,Professional,51893.0,46.8,85.0,None,964.0,46.4,71.3,False,0,0,48,1,79,641
CUST-001170,Male,Skilled,30540.0,28.3,69.0,Current,0.0,,78.5,False,0,0,48,0,43,636
CUST-001171,Male,Unemployed,11820.0,16.8,79.4,Arrears,0.0,,35.0,True,16,995,24,2,53,534
CUST-001172,Female,Self-Employed,23714.0,41.7,90.7,None,591.0,85.9,86.4,False,0,0,36,2,19,626
CUST-001173,Male,Self-Employed,20733.0,59.5,90.5,Current,0.0,,97.3,True,15,995,60,1,99,542
CUST-001174,Female,Unemployed,8000.0,55.8,66.5,None,914.0,82.8,76.5,False,0,0,36,1,67,599
CUST-001175,Female,Self-Employed,33765.0,32.3,94.6,Current,0.0,,85.5,True,14,695,60,1,118,682
CUST-001176,Female,Professional,38973.0,52.5,68.3,Current,0.0,,66.2,False,0,0,48,0,78,563
CUST-001177,Male,Unskilled,27776.0,52.4,83.3,None,713.0,64.3,92.2,True,18,438,12,2,41,608
CUST-001178,Male,Clerical,48394.0,33.3,93.1,Current,0.0,,91.7,False,0,0,36,1,59,676
CUST-001179,Male,Professional,27747.0,21.1,85.9,None,343.0,89.2,84.4,True,13,1938,24,0,81,625
CUST-001180,Male,Skilled,21270.0,22.3,81.7,Current,0.0,,88.9,True,17,2124,48,0,77,639
CUST-001181,Female,Unemployed,8000.0,51.8,,None,797.0,61.6,67.3,False,0,0,60,0,51,536
CUST-001182,Male,Clerical,67082.0,34.2,,Current,0.0,,90.4,True,12,1487,36,0,80,666
CUST-001183,Male,Skilled,33942.0,14.1,79.0,None,524.0,97.6,86.2,True,13,1789,12,2,120,678
CUST-001184,Male,Professional,53419.0,1.3,75.5,Current,0.0,,79.3,True,12,1509,24,1,49,650
CUST-001185,Male,Professional,23551.0,51.6,82.0,None,1307.0,86.3,66.0,False,0,0,24,1,93,612
CUST-001186,Female,Professional,43022.0,24.1,71.9,Current,0.0,,67.7,False,0,0,36,1,81,653
CUST-001187,Male,Self-Employed,40598.0,41.6,82.8,None,472.0,76.7,92.5,True,7,1941,60,1,124,645
CUST-001188,Other,Unskilled,18008.0,59.8,96.4,None,717.0,89.6,85.8,False,0,0,24,1,179,680
CUST-001189,Male,Professional,69848.0,8.8,85.0,Current,0.0,,98.4,True,22,451,36,0,67,747
CUST-001190,Female,Clerical,76140.0,34.1,81.3,Current,0.0,,72.5,False,0,0,48,4,133,673
CUST-001191,Male,Professional,28108.0,31.6,87.3,Current,0.0,,95.9,True,12,1515,48,3,106,662
CUST-001192,Male,Professional,27175.0,42.6,84.8,Current,0.0,,84.2,True,19,647,12,2,57,639
CUST-001193,Female,Skilled,19937.0,59.8,97.9,None,1177.0,78.4,88.7,True,11,1433,24,2,62,629
CUST-001194,Other,Self-Employed,66510.0,8.4,88.7,Current,0.0,,61.5,True,21,396,24,1,95,717
CUST-001195,Female,Skilled,47305.0,46.4,43.3,None,629.0,82.5,74.9,False,0,0,24,2,114,537
CUST-001196,Male,Clerical,25311.0,55.6,98.2,Arrears,0.0,,76.2,True,18,1418,12,0,84,560
CUST-001197,Male,Skilled,30084.0,31.3,85.3,Current,0.0,,73.9,False,0,0,36,3,146,655
CUST-001198,Female,Professional,29809.0,32.3,59.2,None,548.0,88.5,52.9,False,0,0,36,3,56,558
CUST-001199,Male,Professional,,43.4,35.2,None,761.0,69.7,92.4,False,0,0,24,1,98,652
CUST-001200,Female,Unemployed,8000.0,41.9,54.7,Current,0.0,,90.1,False,0,0,36,0,83,579
CUST-001201,Female,Self-Employed,28718.0,46.6,86.4,Current,0.0,,96.8,False,0,0,36,2,72,578
CUST-001202,Female,Unskilled,26536.0,46.2,50.3,None,1316.0,73.2,95.1,False,0,0,12,1,51,570
CUST-001203,Female,Unskilled,18541.0,15.4,73.4,None,727.0,54.1,69.0,False,0,0,24,1,127,667
CUST-001204,Female,Skilled,26624.0,54.8,44.0,None,655.0,93.3,86.3,True,15,1399,24,0,91,541
CUST-001205,Male,Unskilled,20274.0,58.3,82.5,Current,0.0,,72.9,False,0,0,36,0,32,594
CUST-001206,Male,Clerical,38481.0,38.7,88.3,Current,0.0,,97.6,False,0,0,36,0,68,660
CUST-001207,Female,Professional,90303.0,5.1,92.5,None,516.0,90.3,97.2,True,16,1624,24,0,87,744
CUST-001208,Female,Professional,56020.0,32.7,82.0,Current,0.0,,68.3,True,14,799,12,2,174,652
CUST-001209,Male,Professional,61790.0,38.9,88.4,Current,0.0,,70.7,True,17,534,24,4,91,663
CUST-001210,Male,Professional,39343.0,12.1,72.3,Arrears,0.0,,80.5,False,0,0,12,1,153,651
CUST-001211,Female,Clerical,19565.0,27.8,68.5,None,966.0,88.7,97.5,False,0,0,36,0,96,615
CUST-001212,Female,Self-Employed,43331.0,,87.7,None,640.0,70.4,89.9,True,8,493,36,0,105,671
CUST-001213,Female,Self-Employed,34870.0,47.1,75.4,None,688.0,74.3,96.3,True,9,1496,36,1,65,607
CUST-001214,Male,Skilled,15602.0,38.3,98.9,Current,0.0,,,False,0,0,36,2,67,676
CUST-001215,Male,Professional,37137.0,2.1,88.1,None,403.0,86.8,75.4,True,15,590,24,0,50,677
CUST-001216,Female,Self-Employed,31102.0,42.0,72.6,None,250.0,84.6,91.4,False,0,0,12,1,125,643
CUST-001217,Male,Clerical,21382.0,33.9,89.8,Current,0.0,,77.8,True,16,2073,36,0,121,640
CUST-001218,Female,Professional,83850.0,45.3,43.1,Current,0.0,,59.0,True,15,2026,36,1,126,646
CUST-001219,Female,Clerical,33387.0,27.2,89.6,None,1490.0,63.9,93.0,True,17,86,48,1,88,660
CUST-001220,Male,Clerical,49908.0,19.0,65.3,None,1442.0,54.3,,True,15,778,36,2,89,633
CUST-001221,Male,Clerical,30289.0,19.6,88.4,None,698.0,77.5,90.7,True,16,787,36,1,161,672
CUST-001222,Male,Unskilled,20930.0,24.2,82.0,None,1552.0,79.8,46.6,True,9,654,48,1,129,614
CUST-001223,Female,Self-Employed,21181.0,35.4,96.5,None,1131.0,99.1,91.0,False,0,0,48,1,88,662
CUST-001224,Female,Self-Employed,32458.0,38.0,84.1,None,656.0,82.8,96.9,False,0,0,60,2,69,637
CUST-001225,Male,Professional,43299.0,31.2,36.7,None,250.0,86.1,80.7,False,0,0,12,2,72,586
CUST-001226,Female,Self-Employed,17450.0,26.5,81.1,Current,0.0,,74.0,True,15,1371,12,0,149,616
CUST-001227,Male,Self-Employed,25325.0,28.0,86.1,Current,0.0,,83.0,True,19,1281,36,0,57,625
CUST-001228,Male,Professional,37217.0,85.2,93.6,None,979.0,82.4,74.3,True,11,1168,24,1,85,584
CUST-001229,Female,Skilled,35645.0,19.6,70.1,Current,0.0,,88.7,False,0,0,24,2,110,645
CUST-001230,Male,Skilled,36422.0,23.8,79.5,None,507.0,69.6,98.8,True,13,985,36,1,124,641
CUST-001231,Male,Clerical,20711.0,100.0,79.3,Current,0.0,,81.0,False,0,0,36,2,92,546
CUST-001232,Female,Professional,53156.0,43.4,75.8,Current,0.0,,53.1,False,0,0,36,1,99,604
CUST-001233,Male,Skilled,27265.0,7.4,89.1,Current,0.0,,84.4,True,12,2080,12,2,84,667
CUST-001234,Female,Professional,11833.0,51.9,28.6,Current,0.0,,62.0,True,5,1840,36,1,68,482
CUST-001235,Male,Professional,34610.0,16.8,91.2,None,394.0,74.3,75.5,False,0,0,36,1,55,636
CUST-001236,Male,Professional,69951.0,53.2,60.0,None,877.0,66.8,73.7,False,0,0,24,0,134,635
CUST-001237,Male,Unemployed,8000.0,30.8,87.8,Current,0.0,,97.4,True,7,897,24,1,57,669
CUST-001238,Male,Clerical,28303.0,26.2,92.4,None,1126.0,83.1,85.8,False,0,0,36,0,48,686
CUST-001239,Male,Clerical,54905.0,67.2,67.6,Current,0.0,,92.7,True,14,180,60,1,67,626
CUST-001240,Male,Clerical,19105.0,46.3,55.3,Current,0.0,,96.8,False,0,0,12,0,87,626
CUST-001241,Female,Unskilled,20197.0,54.5,90.4,None,1499.0,77.0,80.5,True,10,1982,24,2,107,617
CUST-001242,Male,Skilled,16457.0,43.7,72.7,Current,0.0,,79.6,False,0,0,12,4,84,627
CUST-001243,Male,Unskilled,41964.0,,85.9,Current,0.0,,60.6,True,22,1725,24,1,86,671
CUST-001244,Male,Clerical,25913.0,47.2,66.7,Current,0.0,,86.1,False,0,0,36,1,81,572
CUST-001245,Male,Professional,43958.0,59.2,92.9,Current,0.0,,89.8,False,0,0,24,1,67,619
CUST-001246,Male,Skilled,54434.0,37.7,62.9,Current,0.0,,62.9,True,10,1486,24,3,139,611
CUST-001247,Female,Clerical,36231.0,71.0,90.1,None,1148.0,78.0,90.7,True,18,1372,60,0,58,646
CUST-001248,Male,Self-Employed,21770.0,52.0,89.9,Current,0.0,,77.1,True,17,2179,24,0,93,630
CUST-001249,Female,Unskilled,15079.0,39.2,84.8,None,250.0,39.1,59.1,False,0,0,36,4,115,571
CUST-001250,Female,Skilled,36976.0,40.0,36.7,None,772.0,66.5,83.2,False,0,0,60,1,97,589
CUST-001251,Male,Unemployed,8000.0,37.7,73.2,Arrears,0.0,,85.1,True,11,1498,36,0,97,508
CUST-001252,Male,Skilled,11413.0,10.0,52.6,None,1187.0,91.7,87.1,True,21,1134,24,2,53,597
CUST-001253,Male,Clerical,26266.0,33.2,86.7,None,1166.0,87.3,98.1,False,0,0,12,1,94,658
CUST-001254,Female,Skilled,15202.0,39.4,90.3,None,966.0,95.8,63.6,False,0,0,48,2,112,590
CUST-001255,Male,Professional,89084.0,26.7,98.0,Arrears,0.0,,57.9,True,11,1949,48,2,144,674
CUST-001256,Female,Self-Employed,34957.0,41.8,90.0,Current,0.0,,67.9,False,0,0,24,1,123,652
CUST-001257,Female,Professional,28643.0,35.4,58.1,None,771.0,65.1,95.8,True,20,510,36,3,74,551
CUST-001258,Female,Clerical,19646.0,50.5,90.1,Current,0.0,,98.1,True,14,61,24,1,124,650
CUST-001259,Female,Skilled,12646.0,48.3,81.9,None,930.0,81.9,49.2,False,0,0,24,1,81,545
CUST-001260,Other,Professional,26245.0,38.3,82.6,Current,0.0,,94.0,False,0,0,60,0,71,654
CUST-001261,Male,Professional,68006.0,7.7,82.8,Current,0.0,,77.6,True,6,507,24,1,175,743
CUST-001262,Male,Self-Employed,88135.0,70.8,62.9,None,1272.0,71.9,61.0,True,13,922,24,3,67,643
CUST-001263,Male,Professional,59688.0,32.2,73.0,Current,0.0,,,True,17,971,36,2,101,653
CUST-001264,Female,Skilled,28393.0,33.4,89.2,Current,0.0,,90.5,True,14,2098,48,0,63,640
CUST-001265,Female,Clerical,22151.0,28.1,85.7,None,903.0,74.0,92.8,False,0,0,48,2,110,657
CUST-001266,Female,Clerical,17493.0,25.2,83.0,None,836.0,57.9,91.6,True,15,436,36,1,55,678
CUST-001267,Male,Professional,108760.0,65.9,92.1,Arrears,0.0,,97.2,True,17,917,48,0,83,619
CUST-001268,Other,Self-Employed,29655.0,62.7,69.8,None,1283.0,70.2,72.5,False,0,0,48,3,71,582
CUST-001269,Female,Unemployed,20912.0,43.9,76.9,Current,0.0,,,True,13,94,60,2,70,623
CUST-001270,Female,Professional,80587.0,32.8,77.8,Current,0.0,,70.6,True,13,1400,36,2,92,667
CUST-001271,Other,Unemployed,8000.0,47.4,96.3,None,293.0,71.8,74.6,False,0,0,36,1,38,577
CUST-001272,Male,Skilled,21930.0,36.5,72.5,None,1093.0,71.4,83.7,True,12,1386,60,2,76,565
CUST-001273,Male,Skilled,21900.0,31.2,92.3,None,418.0,81.1,73.0,True,9,110,24,0,36,600
CUST-001274,Female,Self-Employed,31144.0,41.8,79.3,None,861.0,83.2,73.7,True,20,722,36,1,80,588
CUST-001275,Male,Self-Employed,31419.0,26.2,97.0,Current,0.0,,45.7,False,0,0,48,1,82,623
CUST-001276,Male,Unskilled,77701.0,40.0,,Current,0.0,,52.4,False,0,0,60,2,173,691
CUST-001277,Male,Skilled,18225.0,39.1,83.2,None,962.0,77.6,62.6,True,18,1317,24,4,86,571
CUST-001278,Male,Skilled,32805.0,47.1,73.1,Current,0.0,,49.5,True,14,1324,36,0,42,593
CUST-001279,Female,Clerical,35505.0,22.6,95.7,None,756.0,79.0,61.4,False,0,0,48,2,105,657
CUST-001280,Female,Professional,43015.0,49.2,51.8,None,1080.0,87.1,88.7,True,17,796,36,2,166,606
CUST-001281,Male,Self-Employed,33925.0,16.9,97.6,Current,0.0,,94.6,True,15,914,24,2,64,680
CUST-001282,Male,Professional,26899.0,23.5,84.3,None,1109.0,98.3,93.3,True,18,942,12,2,79,613
CUST-001283,Male,Clerical,28224.0,24.4,86.8,Current,0.0,,83.4,True,13,1736,24,1,74,670
CUST-001284,Female,Professional,54184.0,13.6,80.0,None,921.0,87.3,71.1,False,0,0,24,2,95,643
CUST-001285,Female,Professional,49882.0,55.3,46.5,Current,0.0,,93.2,True,8,1247,24,2,38,533
CUST-001286,Female,Skilled,38250.0,15.6,82.2,Current,0.0,,85.0,True,9,1703,48,0,86,668
CUST-001287,Male,Skilled,55881.0,21.0,87.2,None,1214.0,64.2,95.6,False,0,0,24,2,93,702
CUST-001288,Male,Clerical,41013.0,60.1,50.7,Arrears,0.0,,69.7,False,0,0,12,1,70,455
CUST-001289,Male,Professional,44448.0,23.6,89.1,None,593.0,95.8,81.8,True,13,1500,36,2,84,665
CUST-001290,Female,Clerical,15878.0,31.2,97.3,None,829.0,85.2,86.1,False,0,0,12,2,80,661
CUST-001291,Male,Clerical,20537.0,14.8,95.0,None,545.0,80.5,87.4,False,0,0,60,0,86,695
CUST-001292,Female,Self-Employed,29246.0,51.7,59.0,Current,0.0,,94.1,True,20,955,24,2,96,588
CUST-001293,Female,Skilled,33152.0,,71.9,Current,0.0,,86.9,False,0,0,48,0,138,595
CUST-001294,Male,Skilled,23862.0,49.8,87.7,Arrears,0.0,,85.2,False,0,0,24,3,105,538
CUST-001295,Male,Skilled,19423.0,45.8,86.6,Current,0.0,,66.7,True,6,1087,60,2,85,584
CUST-001296,Male,Unemployed,8000.0,36.5,83.7,None,551.0,67.9,94.0,False,0,0,36,0,63,586
CUST-001297,Male,Self-Employed,15356.0,24.5,83.7,Current,0.0,,74.0,False,0,0,60,0,183,666
CUST-001298,Male,Skilled,26624.0,18.7,83.8,Arrears,0.0,,98.5,True,12,935,36,3,39,537
CUST-001299,Female,Skilled,,60.8,94.8,Current,0.0,,88.9,True,14,565,36,1,89,708
CUST-001300,Male,Professional,27440.0,50.3,75.6,Current,0.0,,79.5,False,0,0,12,1,115,644
CUST-001301,Male,Unemployed,8000.0,21.1,94.4,Current,0.0,,54.5,True,18,1982,24,0,76,673
CUST-001302,Female,Clerical,14748.0,35.8,73.5,None,589.0,82.8,86.5,True,18,2055,24,1,56,596
CUST-001303,Female,Clerical,31917.0,29.0,97.8,Current,0.0,,89.2,False,0,0,48,2,102,667
CUST-001304,Male,Unemployed,11261.0,,95.8,Arrears,0.0,,91.4,False,0,0,36,0,45,664
CUST-001305,Female,Self-Employed,25212.0,38.6,74.5,Current,0.0,,82.0,True,11,906,36,2,114,601
CUST-001306,Female,Professional,35360.0,26.7,91.7,None,603.0,98.6,99.1,True,13,1607,24,0,55,683
CUST-001307,Female,Professional,54822.0,15.9,81.6,None,1029.0,95.7,96.2,False,0,0,12,2,155,745
CUST-001308,Female,Professional,31217.0,5.4,64.3,Arrears,0.0,,,False,0,0,36,6,102,508
CUST-001309,Male,Skilled,20808.0,3.7,87.4,Current,0.0,,78.2,True,15,577,24,0,84,687
CUST-001310,Female,Professional,73749.0,27.6,81.4,Current,0.0,,89.8,True,15,1386,24,3,100,663
CUST-001311,Male,Unemployed,12015.0,33.3,86.6,Arrears,0.0,,85.7,True,13,945,60,2,73,518
CUST-001312,Female,Unemployed,10580.0,17.5,67.3,Current,0.0,,69.4,True,15,811,12,1,47,623
CUST-001313,Female,Skilled,44885.0,48.0,45.4,Current,0.0,,67.7,True,13,217,36,2,94,528
CUST-001314,Male,Skilled,12155.0,33.7,87.3,None,731.0,95.4,68.6,True,14,600,12,3,62,625
CUST-001315,Male,Clerical,49475.0,46.5,87.8,None,501.0,51.6,92.0,True,8,985,36,0,78,672
CUST-001316,Female,Professional,51351.0,31.3,81.4,Current,0.0,,63.8,False,0,0,36,1,195,704
CUST-001317,Female,Self-Employed,50877.0,19.3,94.9,None,869.0,84.8,73.7,False,0,0,36,2,82,670
CUST-001318,Male,Professional,51237.0,37.3,90.9,None,395.0,67.4,93.3,False,0,0,48,1,86,681
CUST-001319,Female,Professional,44003.0,9.7,57.0,Current,0.0,,97.6,True,10,1213,12,0,134,695
CUST-001320,Female,Clerical,23768.0,45.8,77.3,None,659.0,94.0,54.8,False,0,0,24,1,54,551
CUST-001321,Female,Professional,50778.0,16.3,63.4,Current,0.0,,95.2,True,10,1046,24,2,151,627
CUST-001322,Male,Clerical,23382.0,53.4,55.5,None,744.0,87.9,85.4,True,21,1973,36,1,71,584
CUST-001323,Male,Self-Employed,47709.0,28.2,67.5,Current,0.0,,80.5,False,0,0,24,0,69,659
CUST-001324,Female,Self-Employed,15810.0,56.3,89.0,None,1212.0,86.2,77.6,False,0,0,36,0,33,612
CUST-001325,Male,Skilled,23193.0,12.5,56.2,Current,0.0,,73.6,False,0,0,24,0,130,660
CUST-001326,Female,Unskilled,50640.0,21.4,99.0,Current,0.0,,99.2,True,17,846,36,2,77,682
CUST-001327,Male,Clerical,,42.6,69.1,None,1029.0,96.6,73.6,False,0,0,24,1,69,628
CUST-001328,Female,Unskilled,18123.0,58.4,81.0,None,880.0,71.9,73.7,True,13,953,60,0,69,601
CUST-001329,Male,Skilled,19894.0,68.3,62.7,None,518.0,82.2,57.6,False,0,0,60,0,62,530
CUST-001330,Male,Clerical,31292.0,35.8,90.0,None,578.0,91.2,97.8,True,14,1558,24,1,102,704
CUST-001331,Female,Unemployed,8000.0,71.8,75.9,None,668.0,69.5,91.3,False,0,0,60,4,109,581
CUST-001332,Female,Clerical,24747.0,29.2,68.6,None,1270.0,90.9,89.2,False,0,0,48,1,187,642
CUST-001333,Female,Professional,63070.0,57.0,72.5,Current,0.0,,75.3,True,13,2114,24,1,162,628
CUST-001334,Other,Clerical,19645.0,16.2,70.4,None,526.0,78.4,63.1,False,0,0,36,0,83,648
CUST-001335,Other,Clerical,38364.0,43.4,83.4,None,866.0,86.9,91.6,False,0,0,24,1,121,626
CUST-001336,Female,Clerical,38949.0,0.0,96.0,None,729.0,98.1,86.3,True,20,1642,48,0,168,752
CUST-001337,Male,Skilled,47574.0,12.6,81.1,Current,0.0,,97.2,True,24,1058,48,1,133,691
CUST-001338,Female,Unskilled,21495.0,44.3,87.1,Current,0.0,,94.6,True,18,1233,36,0,86,653
CUST-001339,Female,Clerical,115678.0,8.8,92.9,Current,0.0,,65.8,True,9,1411,36,0,145,703
CUST-001340,Male,Skilled,47565.0,43.5,92.8,Current,0.0,,98.1,True,18,702,36,3,150,644
CUST-001341,Male,Clerical,31138.0,53.1,75.7,Current,0.0,,85.1,False,0,0,36,2,37,593
CUST-001342,Female,Unskilled,13604.0,25.0,78.5,None,917.0,87.3,89.5,True,12,1455,36,1,70,661
CUST-001343,Female,Professional,41206.0,15.6,71.1,None,542.0,90.3,52.2,True,12,1362,36,1,38,614
CUST-001344,Female,Professional,81785.0,25.5,94.8,Current,0.0,,74.3,False,0,0,48,3,77,698
CUST-001345,Other,Skilled,63870.0,15.7,49.4,None,1169.0,44.1,77.2,False,0,0,36,0,46,581
CUST-001346,Female,Self-Employed,62791.0,33.0,97.1,Current,0.0,,91.6,True,21,1126,12,2,92,672
CUST-001347,Male,Self-Employed,,37.0,76.8,Current,0.0,,77.2,False,0,0,12,0,165,677
CUST-001348,Male,Skilled,16819.0,28.9,96.0,Current,0.0,,96.3,True,20,1634,24,1,128,679
CUST-001349,Male,Self-Employed,40197.0,68.5,81.8,Current,0.0,,95.3,False,0,0,36,1,66,630
CUST-001350,Male,Clerical,15388.0,20.6,78.3,Arrears,0.0,,86.7,True,9,460,24,2,94,545
CUST-001351,Female,Professional,22041.0,62.8,85.6,None,958.0,82.6,59.4,True,16,2027,24,0,52,588
CUST-001352,Female,Professional,47936.0,14.2,89.8,None,1054.0,82.5,95.4,False,0,0,48,0,97,724
CUST-001353,Male,Professional,54472.0,36.5,70.1,Current,0.0,,74.0,True,9,496,48,1,161,637
CUST-001354,Male,Clerical,40397.0,58.7,97.4,Current,0.0,,95.1,True,8,662,36,0,54,626
CUST-001355,Female,Skilled,37013.0,57.6,91.1,None,250.0,63.7,56.2,True,12,793,36,2,99,627
CUST-001356,Male,Clerical,34174.0,26.6,96.1,None,807.0,86.8,92.8,True,11,2184,36,1,117,663
CUST-001357,Female,Skilled,19000.0,46.1,94.7,None,250.0,87.8,92.6,False,0,0,36,1,60,677
CUST-001358,Male,Skilled,28228.0,43.4,96.3,Current,0.0,,,True,18,504,24,1,94,611
CUST-001359,Female,Self-Employed,16385.0,24.2,75.7,None,1316.0,64.1,82.4,True,13,1581,36,0,53,622
CUST-001360,Male,Self-Employed,13106.0,47.3,52.3,None,892.0,86.3,91.2,False,0,0,36,2,82,605
CUST-001361,Female,Clerical,37545.0,72.2,94.2,None,396.0,40.4,85.6,True,14,201,24,1,94,681
CUST-001362,Male,Clerical,19170.0,44.4,69.4,Arrears,0.0,,66.3,True,14,916,48,1,40,493
CUST-001363,Female,Skilled,43824.0,46.3,61.3,Current,0.0,,38.3,True,12,917,24,2,49,586
CUST-001364,Male,Skilled,48731.0,48.4,80.2,Current,0.0,,47.9,False,0,0,12,1,49,624
CUST-001365,Male,Clerical,20360.0,5.8,75.3,Current,0.0,,96.3,True,18,1686,60,2,100,643
CUST-001366,Female,Clerical,35089.0,44.2,69.3,None,704.0,46.2,70.5,True,17,1166,24,2,100,612
CUST-001367,Male,Self-Employed,23976.0,14.7,63.5,Current,0.0,,78.6,True,18,330,24,1,83,600
CUST-001368,Male,Skilled,12896.0,23.2,86.7,Current,0.0,,94.3,True,16,554,36,0,68,616
CUST-001369,Male,Professional,45501.0,78.2,99.4,Current,0.0,,45.1,False,0,0,24,2,127,627
CUST-001370,Male,Skilled,23943.0,29.9,95.1,Current,0.0,,93.9,False,0,0,36,0,70,688
CUST-001371,Male,Unskilled,16552.0,20.2,88.1,Arrears,0.0,,93.4,False,0,0,24,2,55,529
CUST-001372,Female,Professional,104706.0,58.1,79.3,None,1110.0,93.7,99.9,False,0,0,60,0,88,672
CUST-001373,Male,Unskilled,10155.0,16.0,88.6,None,712.0,94.0,67.9,True,14,982,24,1,74,613
CUST-001374,Female,Professional,51139.0,26.1,35.9,Current,0.0,,95.9,True,5,1647,24,3,102,567
CUST-001375,Other,Skilled,18914.0,60.0,64.7,None,1278.0,72.9,95.7,True,14,557,36,1,27,553
CUST-001376,Male,Clerical,40486.0,35.9,91.1,Current,0.0,,92.1,True,13,1550,12,3,87,667
CUST-001377,Female,Professional,49232.0,3.8,,None,955.0,83.8,64.2,True,20,1683,12,1,122,693
CUST-001378,Female,Unskilled,23933.0,45.9,81.9,Current,0.0,,76.0,True,12,2194,24,2,71,571
CUST-001379,Female,Skilled,19343.0,27.1,64.4,Current,0.0,,88.5,True,17,1010,12,0,205,708
CUST-001380,Male,Unemployed,8000.0,65.8,80.3,Arrears,0.0,,97.3,False,0,0,48,0,73,532
CUST-001381,Male,Clerical,40834.0,22.9,53.8,Current,0.0,,99.0,True,23,1477,48,1,74,642
CUST-001382,Male,Unskilled,44765.0,56.0,97.9,Arrears,0.0,,72.9,True,19,1677,24,1,78,578
CUST-001383,Female,Unskilled,25046.0,70.5,77.9,Current,0.0,,86.0,True,19,98,36,2,95,611
CUST-001384,Other,Skilled,19761.0,18.0,72.1,Current,0.0,,94.6,True,13,453,36,0,183,692
CUST-001385,Female,Professional,50138.0,31.1,89.6,Current,0.0,,89.3,True,17,775,12,1,72,681
CUST-001386,Male,Self-Employed,96248.0,42.8,,Current,0.0,,74.9,True,18,1138,36,1,141,686
CUST-001387,Female,Skilled,30989.0,17.9,61.8,Current,0.0,,98.0,True,16,1147,60,1,96,624
CUST-001388,Male,Unemployed,15582.0,40.4,91.1,None,459.0,45.3,93.8,True,13,456,24,1,143,687
CUST-001389,Female,Clerical,19281.0,30.5,,None,387.0,69.3,84.1,True,17,463,12,3,55,594
CUST-001390,Male,Clerical,26398.0,30.1,95.5,Current,0.0,,88.0,False,0,0,24,0,100,684
CUST-001391,Female,Professional,56886.0,36.0,,None,773.0,91.4,72.2,False,0,0,36,0,139,682
CUST-001392,Female,Self-Employed,38604.0,36.4,89.4,Current,0.0,,93.1,True,20,1130,48,2,112,672
CUST-001393,Male,Unemployed,8000.0,38.3,75.9,None,1044.0,81.2,88.1,True,14,748,24,5,109,557
CUST-001394,Male,Professional,29903.0,23.0,77.7,None,859.0,32.2,,True,13,1048,24,2,72,630
CUST-001395,Female,Self-Employed,50365.0,23.9,90.6,Current,0.0,,97.3,True,13,2125,24,1,103,664
CUST-001396,Male,Unskilled,34493.0,32.6,83.3,None,995.0,86.9,,True,11,697,48,0,140,673
CUST-001397,Female,Professional,85005.0,34.1,94.4,Arrears,0.0,,75.3,True,6,746,36,1,71,626
CUST-001398,Female,Professional,96933.0,26.2,74.4,Arrears,0.0,,92.6,True,16,1004,24,1,107,658
CUST-001399,Female,Self-Employed,34300.0,41.5,82.2,Current,0.0,,49.5,False,0,0,24,2,61,616
CUST-001400,Male,Skilled,25726.0,0.0,81.1,None,910.0,78.5,77.2,True,8,270,12,0,56,694
CUST-001401,Male,Professional,79059.0,20.4,81.9,None,250.0,66.2,68.8,True,15,1967,60,0,121,669
CUST-001402,Male,Unskilled,27811.0,29.4,88.8,Current,0.0,,94.7,False,0,0,36,0,95,688
CUST-001403,Other,Skilled,19019.0,17.9,90.9,None,1178.0,78.4,67.5,False,0,0,12,1,69,621
CUST-001404,Male,Unskilled,12672.0,67.6,71.2,Arrears,0.0,,92.0,False,0,0,60,1,81,528
CUST-001405,Male,Unskilled,25177.0,35.4,63.3,Arrears,0.0,,62.2,True,17,1106,60,0,79,488
CUST-001406,Male,Unskilled,18630.0,38.5,91.2,None,1045.0,78.0,72.9,False,0,0,24,2,35,586
CUST-001407,Other,Skilled,29244.0,25.3,65.4,Current,0.0,,99.4,False,0,0,24,1,50,640
CUST-001408,Male,Clerical,43592.0,34.7,90.9,Current,0.0,,82.0,True,17,252,60,3,115,699
CUST-001409,Female,Skilled,41643.0,10.7,76.8,Current,0.0,,85.8,True,12,1266,12,1,61,688
CUST-001410,Female,Professional,78311.0,31.6,86.4,None,755.0,47.4,56.0,True,17,665,24,1,98,660
CUST-001411,Female,Skilled,12408.0,16.3,82.8,Current,0.0,,76.1,False,0,0,24,0,91,629
CUST-001412,Other,Professional,48244.0,29.5,98.7,None,1143.0,96.9,93.7,True,15,1056,48,1,104,684
CUST-001413,Female,Skilled,40454.0,0.0,87.5,Current,0.0,,91.1,False,0,0,24,0,69,705
CUST-001414,Female,Professional,21656.0,12.4,69.3,Current,0.0,,98.0,True,12,513,24,0,80,651
CUST-001415,Male,Clerical,20036.0,64.3,97.7,Current,0.0,,68.2,True,15,210,36,1,68,584
CUST-001416,Female,Clerical,18431.0,51.6,89.5,Arrears,0.0,,67.4,True,7,314,48,1,74,566
CUST-001417,Female,Skilled,29884.0,61.4,91.9,Current,0.0,,95.5,True,11,1608,12,1,148,688
CUST-001418,Female,Self-Employed,67162.0,62.8,86.6,Current,0.0,,73.6,False,0,0,12,1,120,697
CUST-001419,Female,Professional,106956.0,48.5,94.6,None,833.0,72.9,96.2,True,14,1128,36,2,118,657
CUST-001420,Other,Unskilled,13987.0,25.9,86.9,Current,0.0,,97.9,True,13,692,24,0,77,639
CUST-001421,Female,Unskilled,25572.0,14.3,68.3,None,505.0,80.2,84.5,False,0,0,36,1,30,627
CUST-001422,Female,Clerical,34595.0,57.9,97.3,Arrears,0.0,,83.0,True,11,1396,24,1,234,606
CUST-001423,Male,Skilled,35233.0,36.3,93.3,None,634.0,91.8,88.3,True,20,429,48,1,139,667
CUST-001424,Male,Clerical,32194.0,84.9,88.1,None,644.0,74.1,91.8,True,21,1502,24,0,72,582
CUST-001425,Male,Professional,49350.0,27.7,72.4,Current,0.0,,90.9,False,0,0,24,2,49,600
CUST-001426,Male,Skilled,63242.0,,68.7,None,551.0,88.3,72.7,True,7,643,24,1,89,646
CUST-001427,Male,Professional,70694.0,31.9,77.6,Current,0.0,,96.3,True,21,1856,24,1,147,648
CUST-001428,Male,Unskilled,12522.0,61.7,69.5,None,880.0,87.9,94.3,False,0,0,36,0,112,558
CUST-001429,Female,Unskilled,28865.0,68.9,86.0,None,356.0,98.5,84.3,True,11,104,36,1,83,575
CUST-001430,Male,Unskilled,30148.0,14.5,86.6,Current,0.0,,87.3,True,16,1393,48,2,172,694
CUST-001431,Female,Skilled,34100.0,25.3,96.7,Current,0.0,,98.3,True,21,1007,36,2,79,666
CUST-001432,Female,Skilled,49239.0,14.3,93.4,Arrears,0.0,,97.1,True,8,811,24,0,84,638
CUST-001433,Male,Unemployed,8784.0,10.4,78.2,None,1152.0,73.0,87.9,True,18,1008,48,0,89,640
CUST-001434,Male,Clerical,29443.0,48.3,55.4,None,1300.0,33.6,83.5,True,16,2153,12,1,61,575
CUST-001435,Male,Professional,45459.0,31.1,91.4,None,910.0,81.0,99.2,False,0,0,36,1,75,677
CUST-001436,Other,Skilled,11933.0,36.0,75.6,None,1035.0,97.2,79.2,True,18,1533,36,1,100,661
CUST-001437,Male,Clerical,25947.0,46.1,40.7,Current,0.0,,78.2,False,0,0,24,2,57,584
CUST-001438,Female,Clerical,19916.0,0.0,78.0,None,747.0,84.2,83.6,True,13,1285,36,3,94,645
CUST-001439,Female,Professional,25238.0,60.7,98.6,Current,0.0,,88.5,True,21,1961,60,0,120,681
CUST-001440,Other,Skilled,56422.0,28.0,78.3,Current,0.0,,71.5,True,7,1110,24,1,84,655
CUST-001441,Male,Clerical,33755.0,45.6,88.3,None,1264.0,58.9,58.0,False,0,0,36,1,78,645
CUST-001442,Male,Professional,42471.0,,36.0,Current,0.0,,93.5,False,0,0,24,1,94,576
CUST-001443,Male,Professional,33384.0,62.4,78.8,None,530.0,61.6,96.9,True,13,297,24,2,60,616
CUST-001444,Male,Clerical,30739.0,32.9,47.0,Current,0.0,,82.8,False,0,0,24,1,70,602
CUST-001445,Male,Unskilled,31523.0,0.0,89.4,None,757.0,47.5,63.9,False,0,0,24,4,45,652
CUST-001446,Female,Clerical,18543.0,36.1,97.3,Current,0.0,,81.8,False,0,0,24,1,48,647
CUST-001447,Female,Self-Employed,32214.0,39.0,92.5,None,1155.0,68.0,73.0,True,19,363,48,1,82,675
CUST-001448,Female,Self-Employed,47713.0,14.3,76.5,None,566.0,82.1,62.1,True,13,1848,24,1,105,655
CUST-001449,Female,Clerical,11258.0,37.9,58.9,None,1384.0,94.2,88.7,False,0,0,36,0,87,583
CUST-001450,Male,Unskilled,19661.0,27.8,55.2,None,1194.0,58.4,77.7,True,8,1994,24,2,59,533
CUST-001451,Female,Self-Employed,26613.0,8.1,87.3,Current,0.0,,70.3,False,0,0,24,1,63,673
CUST-001452,Female,Skilled,27864.0,48.4,95.6,None,988.0,76.0,86.3,True,12,2144,36,0,67,670
CUST-001453,Female,Professional,,23.7,93.3,Arrears,0.0,,88.4,False,0,0,36,2,86,537
CUST-001454,Female,Professional,45795.0,26.9,57.5,Current,0.0,,87.6,True,13,906,36,0,62,605
CUST-001455,Male,Unemployed,19181.0,25.7,95.5,None,921.0,47.2,87.1,False,0,0,36,2,37,663
CUST-001456,Male,Self-Employed,27905.0,59.7,78.9,None,1717.0,97.9,88.8,False,0,0,36,2,88,596
CUST-001457,Male,Unemployed,9203.0,34.2,76.2,None,885.0,60.7,98.7,True,19,2196,24,0,55,627
CUST-001458,Male,Unskilled,49511.0,36.6,80.5,Current,0.0,,86.1,True,15,1554,12,1,107,681
CUST-001459,Female,Professional,33607.0,26.2,79.1,None,569.0,72.6,94.6,True,11,193,24,0,177,687
CUST-001460,Male,Self-Employed,73052.0,44.3,69.4,Current,0.0,,83.2,False,0,0,24,2,88,638
CUST-001461,Female,Skilled,29664.0,62.0,72.3,None,764.0,71.2,93.2,True,11,634,24,1,100,573
CUST-001462,Female,Self-Employed,71982.0,48.0,93.2,None,862.0,94.9,84.2,True,14,2023,36,0,56,680
CUST-001463,Male,Professional,60331.0,48.7,77.9,None,949.0,80.5,60.5,True,13,1443,12,2,86,578
CUST-001464,Male,Clerical,30890.0,47.1,87.5,Current,0.0,,98.7,False,0,0,36,1,87,609
CUST-001465,Female,Self-Employed,31344.0,7.4,90.4,Current,0.0,,67.6,True,14,1841,24,2,34,637
CUST-001466,Female,Self-Employed,24380.0,17.5,78.3,Arrears,0.0,,83.5,False,0,0,60,0,138,607
CUST-001467,Male,Skilled,30620.0,30.9,73.1,None,1033.0,87.4,93.2,True,16,643,48,0,60,637
CUST-001468,Male,Clerical,40288.0,20.5,99.8,None,1130.0,49.1,97.3,False,0,0,60,0,120,697
CUST-001469,Female,Clerical,26745.0,13.7,76.8,Current,0.0,,84.4,False,0,0,36,1,102,682
CUST-001470,Male,Unemployed,8000.0,0.0,81.2,Current,0.0,,81.4,True,16,1715,60,1,144,688
CUST-001471,Female,Clerical,24032.0,8.1,70.7,Current,0.0,,86.9,True,19,2053,24,0,33,670
CUST-001472,Male,Skilled,46255.0,29.9,96.5,None,1112.0,52.8,65.4,True,9,1351,36,0,101,659
CUST-001473,Male,Skilled,51361.0,33.6,66.9,Current,0.0,,54.9,True,19,1477,36,0,90,664
CUST-001474,Female,Clerical,19926.0,19.1,90.3,None,1291.0,79.0,86.5,True,17,947,36,1,27,691
CUST-001475,Female,Skilled,21904.0,,88.2,Arrears,0.0,,64.1,False,0,0,24,1,73,570
CUST-001476,Female,Clerical,31911.0,26.3,68.1,None,664.0,78.2,69.8,True,15,321,36,2,74,620
CUST-001477,Male,Unskilled,40123.0,56.8,91.9,Current,0.0,,81.8,True,14,446,60,1,54,641
CUST-001478,Other,Unskilled,33793.0,,96.4,None,818.0,60.6,73.4,True,13,2195,36,2,77,661
CUST-001479,Female,Unemployed,8000.0,48.9,92.1,Current,0.0,,91.6,True,16,417,24,0,61,595
CUST-001480,Male,Skilled,26278.0,39.1,67.6,Current,0.0,,95.0,True,18,185,12,1,65,592
CUST-001481,Male,Skilled,19468.0,7.0,78.8,Current,0.0,,59.0,True,13,1763,12,3,89,624
CUST-001482,Male,Self-Employed,28622.0,33.2,82.4,Current,0.0,,79.7,False,0,0,48,1,110,618
CUST-001483,Female,Unskilled,41535.0,10.3,81.4,None,786.0,80.9,95.4,False,0,0,36,3,65,694
CUST-001484,Male,Skilled,15602.0,32.8,84.0,Current,0.0,,52.5,True,8,843,24,1,71,628
CUST-001485,Female,Self-Employed,15581.0,20.1,89.4,Current,0.0,,93.3,False,0,0,48,0,146,741
CUST-001486,Male,Self-Employed,22236.0,42.6,63.8,Current,0.0,,92.0,True,12,894,24,2,74,609
CUST-001487,Other,Self-Employed,36740.0,8.2,68.1,None,469.0,78.1,90.1,True,16,108,48,1,62,608
CUST-001488,Male,Self-Employed,42687.0,35.3,78.0,None,1453.0,85.8,95.9,True,10,609,48,0,58,684
CUST-001489,Female,Professional,52410.0,46.4,73.3,None,982.0,52.3,79.6,True,9,1421,36,2,113,611
CUST-001490,Male,Skilled,50230.0,53.2,71.5,Current,0.0,,75.3,False,0,0,60,2,71,634
CUST-001491,Male,Skilled,13385.0,19.7,89.3,None,1367.0,75.0,95.8,False,0,0,48,0,48,703
CUST-001492,Female,Professional,73479.0,35.4,54.8,None,459.0,84.4,78.1,True,16,1981,12,2,121,658
CUST-001493,Female,Unskilled,17534.0,38.7,97.0,Current,0.0,,84.4,True,10,1450,24,1,40,668
CUST-001494,Female,Skilled,41130.0,65.9,54.5,Current,0.0,,68.2,True,12,1143,60,1,102,576
CUST-001495,Male,Professional,23729.0,5.4,85.2,Current,0.0,,61.8,True,13,1215,36,0,49,659
CUST-001496,Female,Unskilled,20222.0,16.8,89.9,None,1584.0,91.7,84.8,True,16,2134,24,1,51,708
CUST-001497,Female,Self-Employed,35905.0,91.1,94.4,None,1086.0,75.7,89.8,True,14,136,48,2,48,592
CUST-001498,Female,Self-Employed,54307.0,29.5,85.6,Current,0.0,,67.8,True,17,1935,36,5,70,606
CUST-001499,Male,Clerical,13182.0,0.0,86.3,None,1250.0,76.8,57.2,True,13,1067,24,1,119,682
CUST-001500,Female,Unskilled,20459.0,23.3,72.7,Current,0.0,,91.8,True,13,1102,24,2,217,698
CUST-001501,Female,Clerical,16509.0,0.0,68.9,None,704.0,88.1,98.9,True,18,527,48,1,68,681
CUST-001502,Other,Skilled,37152.0,39.8,86.1,Current,0.0,,94.2,False,0,0,48,1,73,617
CUST-001503,Male,Professional,61068.0,51.2,96.0,None,554.0,84.9,58.5,False,0,0,60,1,126,693
CUST-001504,Male,Skilled,52814.0,16.8,96.4,Current,0.0,,87.0,True,14,583,48,3,108,707
CUST-001505,Female,Self-Employed,25376.0,25.6,81.3,Current,0.0,,62.9,False,0,0,24,2,118,625
CUST-001506,Female,Skilled,44917.0,53.5,95.5,None,1357.0,87.4,,False,0,0,24,1,101,641
CUST-001507,Female,Skilled,54596.0,0.0,92.5,Current,0.0,,96.6,False,0,0,24,2,140,765
CUST-001508,Male,Self-Employed,15411.0,8.6,74.4,Current,0.0,,87.2,False,0,0,24,2,84,681
CUST-001509,Male,Self-Employed,42526.0,30.4,,Current,0.0,,80.0,False,0,0,48,1,160,729
CUST-001510,Female,Clerical,41412.0,20.0,53.1,None,485.0,46.4,94.8,True,14,1854,12,0,115,604
CUST-001511,Male,Unemployed,8000.0,29.1,98.5,None,743.0,61.1,92.4,True,7,1891,36,0,136,683
CUST-001512,Male,Self-Employed,18722.0,9.7,98.8,Current,0.0,,85.8,True,15,2166,48,2,64,674
CUST-001513,Female,Unemployed,12337.0,39.3,97.8,Current,0.0,,42.8,True,14,1479,48,1,65,662
CUST-001514,Female,Unemployed,8000.0,32.0,89.6,Current,0.0,,96.3,True,14,515,24,0,77,677
CUST-001515,Female,Unskilled,18621.0,46.0,59.4,None,776.0,75.8,,False,0,0,12,0,34,576
CUST-001516,Male,Self-Employed,31706.0,39.0,66.5,Arrears,0.0,,90.1,True,15,2036,24,1,91,538
CUST-001517,Male,Skilled,40835.0,39.1,83.3,None,432.0,81.4,78.9,True,18,254,36,1,85,661
CUST-001518,Female,Professional,32468.0,6.1,86.3,None,1450.0,87.5,85.6,True,13,1754,48,2,84,692
CUST-001519,Male,Skilled,,44.9,74.1,Current,0.0,,80.5,False,0,0,36,1,69,649
CUST-001520,Male,Self-Employed,33753.0,,79.9,Current,0.0,,85.2,False,0,0,24,2,90,679
CUST-001521,Male,Skilled,46546.0,31.7,,Current,0.0,,98.7,False,0,0,36,0,75,685
CUST-001522,Female,Unskilled,56482.0,56.0,82.2,None,775.0,95.1,83.5,True,21,2088,24,0,139,638
CUST-001523,Female,Professional,21843.0,20.6,86.6,None,598.0,64.1,86.2,False,0,0,48,0,103,654
CUST-001524,Female,Clerical,31005.0,62.0,65.7,Current,0.0,,93.8,False,0,0,12,0,89,572
CUST-001525,Female,Skilled,18149.0,63.9,88.1,None,951.0,50.0,76.5,False,0,0,24,0,36,611
CUST-001526,Male,Clerical,42551.0,50.1,96.9,Current,0.0,,76.0,False,0,0,24,0,46,635
CUST-001527,Male,Professional,28216.0,15.4,92.6,Current,0.0,,86.3,True,4,346,36,0,82,703
CUST-001528,Male,Professional,31774.0,0.0,85.2,None,484.0,51.5,90.2,False,0,0,24,1,56,699
CUST-001529,Male,Unskilled,15478.0,56.6,92.1,Current,0.0,,97.4,True,15,1413,24,2,94,631
CUST-001530,Male,Skilled,28596.0,37.2,90.5,Current,0.0,,87.0,True,19,1609,36,0,32,669
CUST-001531,Male,Professional,49784.0,20.1,,Current,0.0,,90.0,False,0,0,24,1,175,682
CUST-001532,Male,Professional,53512.0,58.5,77.7,None,905.0,65.4,98.2,True,12,1709,24,0,60,591
CUST-001533,Female,Skilled,29517.0,17.8,92.9,Current,0.0,,86.3,False,0,0,12,1,121,670
CUST-001534,Female,Professional,23660.0,26.5,91.7,Current,0.0,,96.6,False,0,0,24,2,68,677
CUST-001535,Male,Self-Employed,44794.0,45.5,54.0,Current,0.0,,98.8,True,13,863,36,1,49,639
CUST-001536,Female,Self-Employed,31524.0,12.7,88.6,None,591.0,54.2,80.7,False,0,0,24,0,75,721
CUST-001537,Female,Clerical,45378.0,32.8,95.1,None,1448.0,82.9,87.0,False,0,0,12,1,148,690
CUST-001538,Female,Skilled,21522.0,56.8,92.8,Current,0.0,,43.7,False,0,0,60,2,67,618
CUST-001539,Female,Professional,20931.0,39.2,90.4,Current,0.0,,83.0,True,15,2094,36,1,131,619
CUST-001540,Male,Clerical,26494.0,59.9,50.7,Current,0.0,,85.6,True,18,1239,48,1,79,601
CUST-001541,Female,Unskilled,36152.0,57.7,62.3,Current,0.0,,56.3,True,11,1518,36,2,109,584
CUST-001542,Male,Skilled,31816.0,35.2,43.4,None,637.0,73.6,70.0,False,0,0,24,2,63,576
CUST-001543,Male,Unskilled,18443.0,0.0,63.1,Current,0.0,,58.2,False,0,0,36,1,28,556
CUST-001544,Male,Clerical,18185.0,12.9,98.2,None,818.0,87.2,78.1,True,17,1870,36,2,51,674
CUST-001545,Male,Clerical,59337.0,50.3,90.6,None,494.0,71.5,97.8,True,11,732,24,0,64,718
CUST-001546,Male,Skilled,18620.0,4.0,91.8,None,522.0,76.3,95.1,False,0,0,12,0,83,706
CUST-001547,Male,Skilled,,28.5,86.2,Arrears,0.0,,98.0,False,0,0,24,0,94,584
CUST-001548,Female,Unemployed,10431.0,41.8,77.8,None,371.0,29.0,92.7,True,16,289,24,2,63,595
CUST-001549,Male,Professional,18672.0,64.4,86.4,Current,0.0,,94.7,True,9,1811,24,1,55,585
CUST-001550,Male,Unskilled,35806.0,23.5,91.0,None,1165.0,77.4,92.2,True,10,98,24,2,155,691
CUST-001551,Male,Unskilled,26721.0,22.1,58.6,None,1398.0,93.3,58.6,False,0,0,36,0,79,574
CUST-001552,Male,Skilled,44354.0,34.0,72.5,Current,0.0,,98.3,True,15,2079,24,2,102,652
CUST-001553,Male,Clerical,34584.0,42.0,72.2,None,744.0,89.1,67.3,False,0,0,48,1,69,636
CUST-001554,Male,Skilled,27524.0,31.9,86.4,None,589.0,80.6,91.3,True,12,1142,12,2,41,619
CUST-001555,Male,Clerical,16674.0,56.0,85.5,Current,0.0,,96.3,True,22,1926,36,2,50,612
CUST-001556,Female,Self-Employed,30312.0,19.0,31.5,Current,0.0,,89.3,True,15,563,48,2,78,565
CUST-001557,Female,Skilled,19081.0,37.4,82.0,Current,0.0,,94.6,True,17,681,24,2,39,624
CUST-001558,Female,Unskilled,25112.0,43.9,84.4,Current,0.0,,68.4,True,19,71,24,2,99,643
CUST-001559,Female,Skilled,42547.0,27.0,85.3,None,787.0,62.4,89.9,True,17,1771,24,0,85,687
CUST-001560,Female,Skilled,57519.0,51.8,66.7,None,684.0,95.7,51.1,True,14,239,24,3,89,603
CUST-001561,Other,Self-Employed,38163.0,38.0,,None,962.0,58.3,70.6,False,0,0,12,1,38,640
CUST-001562,Female,Skilled,44863.0,50.8,74.6,Arrears,0.0,,74.7,True,7,1592,36,1,85,557
CUST-001563,Female,Unskilled,17652.0,38.9,68.8,None,388.0,86.7,86.1,True,12,710,36,3,79,596
CUST-001564,Female,Professional,34710.0,42.5,94.4,None,446.0,68.9,87.8,True,12,1072,24,1,56,658
CUST-001565,Female,Unemployed,9988.0,22.4,62.3,Arrears,0.0,,81.3,True,11,1152,60,2,55,526
CUST-001566,Male,Unskilled,16956.0,22.4,71.4,Arrears,0.0,,90.6,False,0,0,60,1,78,546
CUST-001567,Male,Unskilled,22776.0,59.5,79.0,None,772.0,75.0,77.7,False,0,0,24,1,52,603
CUST-001568,Male,Skilled,18357.0,47.7,88.3,Current,0.0,,58.3,True,17,605,36,0,58,592
CUST-001569,Male,Unskilled,13570.0,14.5,96.9,None,440.0,49.5,,False,0,0,12,2,50,603
CUST-001570,Female,Clerical,35808.0,38.6,74.2,Current,0.0,,82.4,True,11,983,48,1,102,634
CUST-001571,Male,Self-Employed,,0.0,83.2,Current,0.0,,94.4,True,15,1074,36,0,132,700
CUST-001572,Female,Professional,27625.0,23.5,81.3,Arrears,0.0,,81.6,True,19,1383,24,1,84,620
CUST-001573,Female,Clerical,36380.0,54.2,60.7,None,250.0,85.1,62.9,True,20,1839,24,0,73,560
CUST-001574,Female,Skilled,23285.0,32.5,92.5,Current,0.0,,92.6,True,20,490,36,0,103,697
CUST-001575,Male,Clerical,27104.0,37.4,83.6,None,1071.0,77.2,60.8,False,0,0,24,1,40,592
CUST-001576,Male,Clerical,50900.0,0.0,89.3,Current,0.0,,93.2,False,0,0,36,0,88,719
CUST-001577,Female,Unskilled,29018.0,27.2,53.4,Current,0.0,,87.9,True,16,385,48,2,125,576
CUST-001578,Female,Clerical,38490.0,41.8,73.7,Current,0.0,,96.8,True,16,337,24,3,65,574
CUST-001579,Other,Self-Employed,76212.0,44.3,98.5,Arrears,0.0,,88.7,False,0,0,24,0,118,634
CUST-001580,Female,Professional,31359.0,54.2,96.8,Current,0.0,,80.2,False,0,0,36,0,110,649
CUST-001581,Female,Self-Employed,20716.0,30.8,79.9,Current,0.0,,89.9,False,0,0,36,1,80,658
CUST-001582,Male,Self-Employed,23327.0,31.7,55.5,None,866.0,92.4,67.2,True,9,1293,36,1,53,611
CUST-001583,Male,Clerical,23992.0,8.4,90.5,Arrears,0.0,,85.6,True,11,1802,12,1,61,547
CUST-001584,Male,Self-Employed,11190.0,30.9,63.5,Current,0.0,,60.0,False,0,0,36,0,91,629
CUST-001585,Female,Unskilled,18379.0,9.8,73.3,None,1086.0,62.7,93.8,True,14,1941,12,3,93,608
CUST-001586,Female,Self-Employed,25267.0,0.0,92.7,Current,0.0,,84.9,True,13,1261,24,1,79,682
CUST-001587,Male,Clerical,38280.0,13.3,96.3,None,676.0,76.5,75.0,True,16,102,24,1,41,635
CUST-001588,Female,Skilled,34679.0,65.2,83.5,Current,0.0,,75.8,False,0,0,48,2,49,549
CUST-001589,Male,Self-Employed,24637.0,29.6,95.5,None,599.0,67.5,96.9,True,12,1150,48,1,74,614
CUST-001590,Male,Clerical,35083.0,39.4,94.8,None,584.0,89.6,51.4,True,12,1793,48,2,62,613
CUST-001591,Male,Self-Employed,44703.0,24.7,62.5,Arrears,0.0,,90.5,True,11,349,48,0,58,551
CUST-001592,Male,Clerical,19037.0,0.0,99.1,Arrears,0.0,,96.9,True,10,1669,24,1,245,663
CUST-001593,Female,Self-Employed,25860.0,53.7,60.0,Current,0.0,,96.5,False,0,0,36,1,39,523
CUST-001594,Male,Professional,15813.0,0.0,95.4,Arrears,0.0,,46.1,False,0,0,36,0,44,530
CUST-001595,Female,Professional,26350.0,23.9,57.0,None,728.0,69.3,95.9,True,15,1232,48,0,182,654
CUST-001596,Female,Unemployed,8000.0,33.9,57.0,None,429.0,92.2,74.1,True,16,1951,48,1,77,599
CUST-001597,Male,Unskilled,20862.0,39.6,91.4,Current,0.0,,,False,0,0,24,0,95,664
CUST-001598,Male,Unskilled,13186.0,20.5,93.4,Current,0.0,,88.2,False,0,0,24,0,63,719
CUST-001599,Female,Unemployed,8000.0,0.0,90.5,Current,0.0,,83.2,False,0,0,48,4,105,655
CUST-001600,Male,Clerical,15500.0,19.0,79.4,None,477.0,74.6,78.7,True,18,1036,12,2,89,641
CUST-001601,Female,Clerical,29057.0,20.0,60.4,None,1042.0,86.2,76.8,True,11,751,12,1,84,615
CUST-001602,Male,Professional,52134.0,19.5,93.3,None,1092.0,37.9,95.2,False,0,0,60,1,96,677
CUST-001603,Female,Skilled,35468.0,54.4,64.3,Arrears,0.0,,92.0,True,11,616,60,1,60,502
CUST-001604,Female,Clerical,27053.0,10.7,88.2,None,1124.0,82.7,67.0,True,17,1750,24,0,55,688
CUST-001605,Male,Unemployed,8000.0,41.0,88.6,Current,0.0,,77.7,False,0,0,12,2,76,638
CUST-001606,Male,Professional,32566.0,38.2,77.1,None,1254.0,28.1,73.8,False,0,0,24,0,112,651
CUST-001607,Other,Professional,35836.0,54.2,95.8,Current,0.0,,95.2,True,15,1876,12,2,132,700
CUST-001608,Male,Clerical,22438.0,,95.5,None,944.0,79.5,92.4,False,0,0,12,0,100,691
CUST-001609,Male,Professional,44522.0,50.8,95.5,Current,0.0,,72.9,True,14,1177,24,2,142,665
CUST-001610,Male,Clerical,51098.0,31.6,96.2,Current,0.0,,55.3,True,13,2062,48,1,136,721
CUST-001611,Male,Skilled,,43.7,99.3,None,982.0,80.1,83.3,True,13,1509,24,0,81,654
CUST-001612,Female,Clerical,17251.0,4.9,69.2,None,473.0,79.5,88.9,True,10,2065,12,2,143,694
CUST-001613,Female,Skilled,40159.0,0.0,92.0,None,619.0,91.9,88.4,True,14,1338,36,1,85,676
CUST-001614,Male,Unskilled,26915.0,42.6,89.4,Current,0.0,,62.3,True,17,1785,12,1,76,619
CUST-001615,Female,Skilled,20590.0,43.6,95.2,Current,0.0,,95.3,True,24,1036,48,0,95,614
CUST-001616,Male,Self-Employed,47302.0,44.5,81.4,None,875.0,98.3,89.3,True,12,395,24,0,137,674
CUST-001617,Male,Clerical,25030.0,24.5,77.1,Current,0.0,,71.2,True,13,414,24,1,59,661
CUST-001618,Female,Professional,22823.0,,71.8,None,1096.0,76.8,96.2,False,0,0,24,1,76,563
CUST-001619,Other,Clerical,33019.0,,,Current,0.0,,84.2,True,14,342,12,3,76,594
CUST-001620,Male,Unemployed,8899.0,43.4,67.7,Arrears,0.0,,72.8,False,0,0,12,0,43,494
CUST-001621,Male,Skilled,26712.0,46.9,91.6,Current,0.0,,98.1,True,10,1035,60,4,60,607
CUST-001622,Female,Clerical,26454.0,69.4,86.9,None,1129.0,83.3,90.3,True,17,205,48,0,53,581
CUST-001623,Female,Skilled,21412.0,28.7,78.6,None,611.0,62.2,65.6,True,14,1867,60,2,93,619
CUST-001624,Male,Unskilled,26552.0,21.9,86.1,Arrears,0.0,,95.6,False,0,0,36,2,71,612
CUST-001625,Male,Self-Employed,31659.0,5.0,78.2,None,616.0,91.9,83.3,True,9,713,12,1,69,648
CUST-001626,Female,Skilled,31895.0,66.0,97.7,Current,0.0,,68.6,True,8,1889,60,0,94,642
CUST-001627,Male,Unskilled,23695.0,43.4,72.5,Arrears,0.0,,69.7,True,14,111,36,2,91,519
CUST-001628,Male,Self-Employed,19202.0,44.1,46.7,Current,0.0,,98.9,False,0,0,24,2,120,563
CUST-001629,Male,Skilled,19789.0,97.3,90.0,Current,0.0,,98.5,True,13,1860,36,2,31,567
CUST-001630,Male,Professional,15923.0,41.5,48.8,Current,0.0,,97.4,True,12,618,36,3,108,554
CUST-001631,Male,Professional,,9.0,72.9,Arrears,0.0,,96.7,True,11,2006,36,1,65,599
CUST-001632,Female,Unemployed,8000.0,31.1,75.1,None,966.0,67.0,78.4,False,0,0,48,1,79,611
CUST-001633,Female,Skilled,31413.0,15.5,58.0,Current,0.0,,71.1,False,0,0,60,2,52,557
CUST-001634,Female,Clerical,31791.0,27.1,,None,1057.0,88.0,61.9,False,0,0,48,0,104,594
CUST-001635,Other,Skilled,38808.0,26.9,72.8,Current,0.0,,87.3,True,16,2098,48,1,68,576
CUST-001636,Male,Professional,25039.0,23.3,63.1,Current,0.0,,97.8,True,13,1679,36,0,94,626
CUST-001637,Male,Unskilled,19594.0,7.1,90.9,Current,0.0,,68.4,True,13,1352,24,2,54,673
CUST-001638,Female,Professional,91275.0,66.9,66.7,None,721.0,80.8,87.1,False,0,0,36,1,71,595
CUST-001639,Male,Self-Employed,69826.0,41.0,71.8,None,767.0,69.8,96.0,False,0,0,36,0,80,649
CUST-001640,Female,Skilled,46148.0,30.5,44.1,Current,0.0,,89.4,False,0,0,12,1,102,582
CUST-001641,Female,Clerical,31316.0,50.2,37.1,Current,0.0,,76.7,True,11,285,36,2,73,509
CUST-001642,Male,Professional,27384.0,,95.7,None,916.0,38.4,76.1,True,12,409,24,0,106,722
CUST-001643,Male,Unskilled,27881.0,40.5,91.3,Current,0.0,,73.6,True,14,986,24,0,75,626
CUST-001644,Male,Professional,40090.0,48.7,90.0,Arrears,0.0,,99.4,True,11,804,36,3,94,517
CUST-001645,Male,Professional,,37.7,61.6,Current,0.0,,80.6,True,18,1910,48,2,56,574
CUST-001646,Male,Self-Employed,24283.0,48.4,78.8,Current,0.0,,93.4,True,14,557,24,1,92,625
CUST-001647,Male,Clerical,24889.0,50.1,73.8,Arrears,0.0,,91.3,True,9,1445,48,1,110,519
CUST-001648,Female,Clerical,28966.0,38.3,72.9,Current,0.0,,71.0,True,20,1015,24,1,36,605
CUST-001649,Female,Clerical,30056.0,30.6,65.1,None,920.0,93.7,52.5,False,0,0,36,0,47,576
CUST-001650,Female,Unskilled,25197.0,65.6,95.8,Arrears,0.0,,61.2,False,0,0,48,0,157,546
CUST-001651,Male,Clerical,,25.4,91.2,Current,0.0,,51.3,False,0,0,60,2,82,612
CUST-001652,Male,Professional,23518.0,42.8,79.7,Arrears,0.0,,90.1,False,0,0,24,2,69,527
CUST-001653,Male,Clerical,55891.0,43.3,75.4,Current,0.0,,82.0,True,14,1025,48,0,82,663
CUST-001654,Male,Professional,131949.0,22.8,88.3,Current,0.0,,96.7,True,10,476,48,0,79,765
CUST-001655,Female,Clerical,32904.0,18.8,51.4,None,830.0,86.3,68.6,True,12,1432,24,0,104,654
CUST-001656,Male,Professional,23723.0,27.9,83.6,None,814.0,55.9,72.0,True,12,2127,24,2,68,589
CUST-001657,Male,Professional,30396.0,25.2,97.5,None,250.0,90.2,91.4,False,0,0,48,0,82,660
CUST-001658,Female,Clerical,33830.0,5.8,73.5,Current,0.0,,86.9,True,15,1508,12,0,115,655
CUST-001659,Male,Unskilled,36895.0,22.0,52.7,Current,0.0,,94.6,False,0,0,36,2,79,604
CUST-001660,Male,Professional,24939.0,40.3,71.3,None,1210.0,96.4,88.2,False,0,0,24,1,120,596
CUST-001661,Male,Professional,40703.0,60.3,86.6,None,1069.0,75.0,91.7,True,14,203,36,1,46,599
CUST-001662,Female,Unskilled,22037.0,46.1,76.4,Current,0.0,,74.2,False,0,0,24,2,88,618
CUST-001663,Female,Unskilled,29774.0,,90.3,None,1428.0,96.3,98.6,False,0,0,24,1,64,722
CUST-001664,Male,Self-Employed,27659.0,47.8,52.1,None,1152.0,65.0,96.5,True,14,1685,24,0,92,612
CUST-001665,Female,Clerical,13310.0,23.8,80.7,None,732.0,96.3,78.1,True,15,1068,48,3,64,619
CUST-001666,Female,Clerical,35580.0,44.1,86.5,Current,0.0,,84.7,True,19,1612,36,1,129,636
CUST-001667,Female,Professional,71408.0,34.7,68.0,Current,0.0,,99.2,True,17,1560,36,1,126,665
CUST-001668,Male,Professional,41475.0,31.1,84.1,Current,0.0,,91.9,False,0,0,36,1,71,686
CUST-001669,Male,Clerical,32285.0,33.0,87.9,None,724.0,95.7,80.8,True,11,241,24,0,64,672
CUST-001670,Female,Skilled,23904.0,34.6,63.9,None,622.0,98.6,,False,0,0,12,4,88,610
CUST-001671,Male,Clerical,18387.0,61.9,88.9,Current,0.0,,99.9,True,18,464,36,1,68,643
CUST-001672,Female,Skilled,46967.0,34.6,85.6,Arrears,0.0,,95.2,False,0,0,12,0,95,583
CUST-001673,Female,Clerical,32028.0,56.7,74.5,None,840.0,96.2,91.8,True,8,219,12,1,100,631
CUST-001674,Male,Clerical,33546.0,53.8,98.8,Current,0.0,,80.8,False,0,0,36,2,116,637
CUST-001675,Female,Self-Employed,63467.0,48.3,80.2,Current,0.0,,88.3,True,12,861,60,0,86,671
CUST-001676,Female,Unskilled,12552.0,0.0,76.7,Current,0.0,,98.6,False,0,0,24,4,47,660
CUST-001677,Female,Clerical,20986.0,57.3,69.2,None,395.0,69.5,96.8,False,0,0,24,2,122,640
CUST-001678,Male,Skilled,,25.8,60.0,None,734.0,93.0,94.7,True,8,1691,36,4,114,618
CUST-001679,Female,Clerical,20870.0,49.3,89.5,None,597.0,84.6,86.1,True,9,1824,48,1,90,644
CUST-001680,Female,Professional,61231.0,15.5,92.8,Current,0.0,,96.3,False,0,0,24,0,117,763
CUST-001681,Female,Self-Employed,29673.0,11.3,79.4,Current,0.0,,88.8,False,0,0,48,0,77,646
CUST-001682,Female,Professional,27539.0,74.5,59.8,Current,0.0,,70.1,False,0,0,60,1,99,594
CUST-001683,Female,Clerical,27711.0,15.9,,None,453.0,85.6,97.1,True,11,2025,12,1,135,703
CUST-001684,Male,Skilled,31951.0,57.9,78.8,None,612.0,61.4,83.3,True,10,789,24,0,54,613
CUST-001685,Male,Professional,65553.0,37.4,93.9,Current,0.0,,79.4,True,21,1300,36,0,76,670
CUST-001686,Male,Professional,51376.0,26.6,98.7,Current,0.0,,37.0,False,0,0,12,1,116,641
CUST-001687,Female,Clerical,33108.0,34.1,94.1,None,1029.0,76.4,87.9,True,12,1792,24,2,35,680
CUST-001688,Female,Unemployed,9322.0,9.0,83.1,Current,0.0,,71.5,True,8,258,48,0,129,684
CUST-001689,Female,Skilled,27190.0,34.7,87.1,Current,0.0,,88.3,False,0,0,36,0,150,668
CUST-001690,Male,Clerical,19491.0,13.3,91.1,Current,0.0,,82.3,False,0,0,36,2,51,660
CUST-001691,Female,Professional,49020.0,27.1,95.8,Current,0.0,,91.0,False,0,0,36,0,66,681
CUST-001692,Female,Skilled,25474.0,53.5,72.1,None,679.0,87.6,57.0,False,0,0,36,1,25,519
CUST-001693,Male,Professional,92081.0,40.1,86.1,Current,0.0,,83.6,True,16,333,48,2,87,667
CUST-001694,Female,Skilled,54138.0,5.4,65.6,Current,0.0,,76.2,True,12,278,48,2,92,610
CUST-001695,Female,Self-Employed,42920.0,52.0,88.2,Arrears,0.0,,94.4,False,0,0,48,1,46,557
CUST-001696,Female,Clerical,31898.0,34.9,98.6,Current,0.0,,73.4,False,0,0,36,2,119,707
CUST-001697,Male,Clerical,25859.0,24.2,75.2,None,1115.0,40.7,78.2,True,17,337,48,1,113,625
CUST-001698,Female,Professional,24404.0,,85.2,Current,0.0,,92.1,True,15,818,48,2,85,642
CUST-001699,Other,Professional,39055.0,31.7,58.0,Current,0.0,,91.8,True,14,1271,36,0,68,600
CUST-001700,Female,Clerical,28159.0,11.7,85.9,None,967.0,78.5,86.4,True,11,1020,24,0,59,672
CUST-001701,Female,Unskilled,22372.0,72.0,95.5,Arrears,0.0,,94.7,True,15,190,24,0,99,529
CUST-001702,Other,Clerical,33233.0,34.7,99.2,None,1112.0,61.5,96.4,True,10,1136,36,1,131,708
CUST-001703,Male,Skilled,44798.0,33.4,91.8,Current,0.0,,82.1,False,0,0,12,1,71,698
CUST-001704,Female,Self-Employed,23644.0,26.9,95.0,None,861.0,94.2,82.0,True,12,703,24,1,128,683
CUST-001705,Male,Professional,31654.0,58.6,79.5,None,720.0,76.1,98.4,False,0,0,12,2,96,627
CUST-001706,Other,Professional,82693.0,24.5,94.4,Current,0.0,,88.0,True,16,1516,12,1,159,745
CUST-001707,Male,Clerical,38061.0,4.1,79.7,Current,0.0,,97.0,True,18,201,36,0,74,681
CUST-001708,Male,Self-Employed,27078.0,21.4,57.2,Current,0.0,,91.4,False,0,0,36,1,46,639
CUST-001709,Female,Clerical,25636.0,61.5,85.0,Current,0.0,,76.4,False,0,0,36,0,130,617
CUST-001710,Male,Self-Employed,30826.0,51.6,90.9,None,1101.0,99.8,71.9,False,0,0,36,0,62,588
CUST-001711,Female,Unskilled,20466.0,29.9,73.9,Arrears,0.0,,94.8,False,0,0,24,1,115,533
CUST-001712,Male,Self-Employed,39936.0,62.5,,Current,0.0,,98.3,False,0,0,48,1,39,618
CUST-001713,Other,Unemployed,25255.0,50.0,91.1,None,959.0,75.1,59.5,False,0,0,36,1,79,609
CUST-001714,Female,Self-Employed,35162.0,29.7,61.4,Current,0.0,,75.0,False,0,0,36,2,98,607
CUST-001715,Male,Unskilled,27187.0,31.7,51.1,None,320.0,94.5,95.6,True,13,1098,48,3,86,572
CUST-001716,Female,Unskilled,9447.0,41.6,86.2,None,769.0,85.4,76.0,False,0,0,24,0,78,633
CUST-001717,Male,Self-Employed,25955.0,18.4,77.6,Current,0.0,,90.9,True,21,1437,36,1,75,678
CUST-001718,Female,Self-Employed,56122.0,35.1,94.6,Current,0.0,,87.1,False,0,0,48,2,87,712
CUST-001719,Female,Unemployed,9673.0,41.2,86.3,Current,0.0,,94.7,True,16,1733,12,0,82,614
CUST-001720,Female,Skilled,8000.0,1.3,83.8,Arrears,0.0,,94.4,True,8,314,24,0,117,633
CUST-001721,Male,Skilled,40080.0,31.2,62.7,None,738.0,80.1,68.4,True,19,161,36,0,66,618
CUST-001722,Male,Skilled,70157.0,28.9,59.0,Arrears,0.0,,82.8,True,12,658,24,2,125,520
CUST-001723,Female,Unskilled,8219.0,55.6,94.8,None,735.0,45.1,87.1,True,14,1794,60,0,37,633
CUST-001724,Female,Clerical,53302.0,0.0,94.0,None,1062.0,64.7,49.4,True,14,1867,48,1,110,752
CUST-001725,Female,Unskilled,8000.0,27.4,94.6,None,1076.0,58.3,79.6,False,0,0,12,1,55,622
CUST-001726,Male,Self-Employed,49238.0,25.4,94.6,None,929.0,36.1,59.7,True,7,1567,36,2,67,649
CUST-001727,Male,Unemployed,8040.0,54.2,92.4,None,1014.0,54.4,93.4,False,0,0,48,1,80,581
CUST-001728,Female,Clerical,9344.0,34.1,76.0,Current,0.0,,95.2,False,0,0,36,0,126,642
CUST-001729,Male,Self-Employed,39462.0,70.9,91.3,Current,0.0,,86.6,True,12,1507,36,1,59,619
CUST-001730,Male,Self-Employed,54187.0,48.2,81.3,Current,0.0,,86.7,True,10,1439,12,1,62,688
CUST-001731,Female,Unemployed,9507.0,26.8,78.8,None,632.0,57.5,60.5,False,0,0,60,1,71,587
CUST-001732,Male,Unskilled,26252.0,39.8,70.4,Current,0.0,,71.7,False,0,0,24,0,56,632
CUST-001733,Female,Skilled,24589.0,27.9,85.6,None,706.0,69.8,98.6,True,16,1673,12,0,79,673
CUST-001734,Male,Skilled,12806.0,52.2,89.7,Current,0.0,,81.2,True,10,506,12,1,61,675
CUST-001735,Female,Professional,58767.0,8.4,92.6,Current,0.0,,59.6,True,10,653,48,0,65,699
CUST-001736,Female,Unemployed,17737.0,,58.8,None,753.0,79.7,96.5,False,0,0,36,1,55,607
CUST-001737,Female,Clerical,44726.0,44.1,65.3,Current,0.0,,62.3,True,18,559,24,2,128,627
CUST-001738,Male,Self-Employed,13197.0,59.5,70.7,Arrears,0.0,,89.8,True,21,1791,36,1,64,511
CUST-001739,Female,Self-Employed,16328.0,0.0,78.8,None,1224.0,85.9,94.8,True,14,1050,60,0,73,701
CUST-001740,Female,Skilled,20224.0,62.5,35.8,Current,0.0,,97.3,True,8,236,36,0,53,549
CUST-001741,Male,Professional,21019.0,32.2,96.1,Arrears,0.0,,73.5,True,7,1530,24,1,86,531
CUST-001742,Male,Professional,43910.0,0.0,94.5,None,1102.0,74.2,89.4,False,0,0,24,2,114,724
CUST-001743,Male,Unskilled,24085.0,,74.3,None,1060.0,88.4,95.7,False,0,0,24,1,82,681
CUST-001744,Female,Skilled,15548.0,4.4,87.3,Current,0.0,,90.9,False,0,0,60,0,64,659
CUST-001745,Female,Professional,61066.0,34.6,70.9,Current,0.0,,96.0,False,0,0,24,0,130,679
CUST-001746,Female,Self-Employed,42312.0,33.7,89.8,None,653.0,65.1,98.6,False,0,0,12,0,87,629
CUST-001747,Female,Clerical,21022.0,47.7,42.7,Current,0.0,,79.8,True,15,812,12,0,122,580
CUST-001748,Female,Unskilled,18670.0,24.0,57.7,None,871.0,83.3,66.1,True,12,1148,24,0,95,625
CUST-001749,Male,Clerical,11188.0,12.8,57.8,Arrears,0.0,,83.0,False,0,0,24,0,61,557
CUST-001750,Male,Professional,37067.0,26.7,95.8,Current,0.0,,91.4,False,0,0,60,3,47,669
CUST-001751,Female,Professional,43188.0,35.7,81.2,Current,0.0,,83.1,False,0,0,12,0,109,637
CUST-001752,Male,Skilled,31928.0,39.6,,Arrears,0.0,,79.8,True,15,1437,12,2,128,538
CUST-001753,Female,Skilled,35095.0,19.2,70.5,Current,0.0,,90.9,True,10,1926,24,2,56,652
CUST-001754,Female,Self-Employed,36034.0,53.0,90.8,Arrears,0.0,,95.8,False,0,0,60,1,81,572
CUST-001755,Male,Skilled,26275.0,22.6,91.8,None,1679.0,89.4,91.6,False,0,0,60,1,100,689
CUST-001756,Female,Clerical,30601.0,17.6,81.6,None,574.0,46.6,93.5,True,10,669,60,1,71,705
CUST-001757,Male,Clerical,42231.0,24.2,83.7,Current,0.0,,91.1,True,14,1253,12,1,87,622
CUST-001758,Other,Clerical,25772.0,56.5,92.2,None,1237.0,50.9,59.8,False,0,0,36,1,145,685
CUST-001759,Female,Unskilled,23277.0,32.3,85.9,None,1170.0,91.1,75.1,True,12,861,36,1,87,625
CUST-001760,Female,Professional,39586.0,21.1,97.2,Current,0.0,,43.4,False,0,0,12,3,63,661
CUST-001761,Male,Unemployed,8000.0,53.5,89.4,Current,0.0,,79.3,False,0,0,36,3,70,591
CUST-001762,Male,Clerical,34040.0,77.9,95.8,None,867.0,62.9,87.9,True,20,1646,36,3,83,591
CUST-001763,Male,Professional,33529.0,39.2,69.8,None,1349.0,97.5,56.9,True,9,1275,36,0,56,561
CUST-001764,Male,Clerical,32009.0,,49.0,None,1235.0,95.2,62.1,False,0,0,24,0,173,565
CUST-001765,Male,Professional,43596.0,55.7,83.3,None,594.0,86.6,95.4,True,13,647,24,0,38,641
CUST-001766,Male,Self-Employed,28157.0,22.9,82.2,None,946.0,25.9,88.1,True,15,835,36,2,43,642
CUST-001767,Other,Skilled,25531.0,35.5,84.5,Current,0.0,,72.2,True,13,1054,12,1,51,649
CUST-001768,Male,Clerical,21404.0,9.3,82.9,Current,0.0,,98.8,True,15,1366,24,0,40,648
CUST-001769,Male,Self-Employed,15394.0,30.9,88.3,None,917.0,89.2,83.2,True,22,1874,36,0,31,657
CUST-001770,Female,Skilled,35158.0,22.5,93.2,None,1255.0,61.6,73.1,False,0,0,24,1,150,691
CUST-001771,Female,Unemployed,8957.0,26.9,99.5,Current,0.0,,76.7,True,18,2110,12,3,94,661
CUST-001772,Female,Unemployed,11830.0,20.0,76.5,None,293.0,42.9,44.8,True,17,1055,24,1,108,635
CUST-001773,Female,Self-Employed,25417.0,29.3,85.4,None,1641.0,56.7,61.5,True,20,1178,12,4,67,590
CUST-001774,Female,Unskilled,47346.0,45.6,,None,889.0,86.3,91.8,True,12,1536,24,2,138,658
CUST-001775,Female,Self-Employed,,32.6,71.1,Current,0.0,,96.6,False,0,0,48,1,101,647
CUST-001776,Female,Skilled,19961.0,,86.6,None,1194.0,85.4,42.8,True,9,357,48,2,63,662
CUST-001777,Female,Self-Employed,20644.0,20.1,29.8,None,1461.0,91.1,31.0,False,0,0,12,2,93,569
CUST-001778,Male,Professional,19727.0,4.6,96.4,Current,0.0,,93.5,True,10,192,36,3,41,646
CUST-001779,Male,Self-Employed,64344.0,39.9,67.3,Current,0.0,,89.0,True,19,930,12,2,109,601
CUST-001780,Male,Unemployed,14958.0,45.1,85.6,Current,0.0,,80.8,True,14,785,24,1,67,653
CUST-001781,Male,Professional,56406.0,40.1,73.5,Arrears,0.0,,93.8,False,0,0,48,2,160,538
CUST-001782,Female,Unskilled,13482.0,19.3,78.2,Current,0.0,,65.1,True,11,2133,60,2,112,657
CUST-001783,Male,Unemployed,18235.0,39.9,82.3,None,1385.0,74.1,90.9,False,0,0,24,0,40,601
CUST-001784,Male,Clerical,22965.0,25.6,76.1,None,810.0,99.5,79.1,True,12,2098,48,0,52,614
CUST-001785,Male,Skilled,26219.0,12.2,54.3,None,599.0,59.2,92.2,False,0,0,24,0,174,655
CUST-001786,Female,Unskilled,38526.0,49.8,69.4,None,714.0,96.2,88.7,False,0,0,48,1,73,567
CUST-001787,Male,Unemployed,10857.0,51.4,93.5,None,1172.0,91.0,46.6,False,0,0,36,1,36,566
CUST-001788,Female,Professional,115902.0,54.0,86.0,None,257.0,77.0,75.1,True,16,1285,36,1,149,649
CUST-001789,Female,Clerical,30089.0,22.8,76.6,Current,0.0,,88.7,True,9,2132,48,3,137,663
CUST-001790,Male,Self-Employed,27002.0,58.6,93.3,Current,0.0,,79.8,True,13,1404,36,4,72,596
CUST-001791,Female,Clerical,20429.0,25.1,93.6,None,1459.0,93.2,99.5,True,13,757,60,1,91,674
CUST-001792,Male,Clerical,11718.0,48.1,85.0,Current,0.0,,91.3,False,0,0,24,1,69,615
CUST-001793,Male,Professional,37973.0,24.8,71.4,None,1245.0,95.3,71.3,True,11,1433,60,2,111,630
CUST-001794,Female,Professional,72047.0,30.5,94.0,Current,0.0,,79.5,True,7,655,48,1,79,673
CUST-001795,Female,Skilled,38746.0,0.0,72.8,Current,0.0,,95.3,True,17,1620,36,0,93,712
CUST-001796,Male,Skilled,29865.0,29.0,49.2,None,1127.0,79.9,91.0,True,24,42,36,1,119,558
CUST-001797,Female,Skilled,18913.0,36.8,82.3,None,1387.0,83.7,96.5,True,15,1612,60,0,62,600
CUST-001798,Male,Self-Employed,35754.0,26.8,86.9,Arrears,0.0,,93.3,False,0,0,36,1,118,630
CUST-001799,Female,Clerical,42437.0,70.1,96.4,Current,0.0,,97.5,True,15,384,24,0,111,664
CUST-001800,Female,Clerical,32657.0,11.8,69.5,Current,0.0,,73.3,True,10,2139,12,2,51,565
CUST-001801,Female,Professional,46399.0,23.7,72.4,None,881.0,96.2,89.1,True,16,1830,24,1,67,652
CUST-001802,Female,Professional,30073.0,16.9,95.1,None,854.0,90.5,93.4,True,9,1645,24,2,110,641
CUST-001803,Male,Clerical,39745.0,23.7,59.4,None,920.0,85.5,96.3,True,17,2044,12,1,64,657
CUST-001804,Female,Professional,10516.0,55.6,81.3,Arrears,0.0,,,True,19,1527,36,1,22,534
CUST-001805,Female,Professional,51138.0,64.6,85.1,None,1186.0,76.0,92.2,True,18,260,24,2,96,682
CUST-001806,Female,Professional,136851.0,21.0,93.9,None,993.0,65.4,55.4,True,15,1862,12,1,136,735
CUST-001807,Male,Self-Employed,16376.0,20.5,81.4,Arrears,0.0,,85.8,False,0,0,24,0,101,545
CUST-001808,Male,Skilled,26548.0,11.9,72.6,Current,0.0,,97.0,False,0,0,12,1,131,654
CUST-001809,Male,Unemployed,8042.0,61.1,92.2,None,708.0,81.9,72.5,False,0,0,36,1,72,589
CUST-001810,Male,Self-Employed,26217.0,57.4,98.1,Current,0.0,,78.8,True,15,1478,24,1,90,648
CUST-001811,Male,Skilled,47178.0,32.9,76.7,Current,0.0,,70.3,True,13,110,60,1,53,576
CUST-001812,Male,Professional,53242.0,7.1,,Arrears,0.0,,97.0,True,16,1744,36,1,81,637
CUST-001813,Female,Skilled,31693.0,8.9,70.5,None,979.0,78.3,92.7,True,13,1767,48,0,198,671
CUST-001814,Male,Professional,61622.0,38.4,35.7,Current,0.0,,88.5,False,0,0,24,2,116,568
CUST-001815,Female,Clerical,27107.0,46.0,97.5,None,658.0,69.9,66.2,True,14,2074,48,0,134,704
CUST-001816,Female,Clerical,112526.0,0.0,79.9,Current,0.0,,97.5,True,12,437,36,2,111,761
CUST-001817,Female,Clerical,28799.0,28.6,74.7,Current,0.0,,98.9,False,0,0,60,1,65,656
CUST-001818,Male,Clerical,29374.0,67.4,96.2,Current,0.0,,89.8,True,11,1236,36,1,64,641
CUST-001819,Female,Self-Employed,14952.0,30.6,46.5,Current,0.0,,93.9,True,10,1498,60,2,110,573
CUST-001820,Female,Unskilled,15800.0,64.8,71.3,Current,0.0,,79.5,False,0,0,48,1,68,571
CUST-001821,Female,Self-Employed,54103.0,48.0,87.0,None,1048.0,91.7,85.7,True,17,367,60,1,56,597
CUST-001822,Female,Skilled,16226.0,13.3,88.4,None,473.0,69.3,74.1,False,0,0,36,2,70,612
CUST-001823,Female,Skilled,11208.0,29.1,73.7,None,1265.0,94.6,84.6,True,14,207,24,0,56,624
CUST-001824,Female,Professional,43676.0,32.4,89.5,Current,0.0,,87.6,False,0,0,36,0,128,657
CUST-001825,Female,Self-Employed,59824.0,15.9,98.2,None,1360.0,71.0,71.3,False,0,0,60,1,186,749
CUST-001826,Male,Skilled,30163.0,15.6,78.9,Current,0.0,,85.2,True,16,1847,60,3,44,624
CUST-001827,Female,Clerical,23127.0,65.1,97.2,Current,0.0,,89.0,False,0,0,60,2,98,616
CUST-001828,Female,Clerical,11657.0,15.5,90.9,Arrears,0.0,,93.9,True,16,731,24,3,119,562
CUST-001829,Female,Unemployed,9893.0,56.6,73.3,None,257.0,84.3,87.4,False,0,0,48,1,100,607
CUST-001830,Female,Skilled,39850.0,26.3,93.6,Current,0.0,,71.6,False,0,0,36,2,70,672
CUST-001831,Male,Skilled,13274.0,,83.1,Current,0.0,,87.5,True,11,1077,36,0,63,611
CUST-001832,Other,Skilled,49308.0,46.2,72.7,Arrears,0.0,,76.4,True,15,2110,24,1,92,525
CUST-001833,Male,Clerical,37970.0,23.0,84.1,Current,0.0,,65.2,True,13,1959,24,1,65,639
CUST-001834,Male,Skilled,49259.0,46.4,59.8,None,691.0,39.1,93.6,True,20,2009,24,1,98,621
CUST-001835,Male,Clerical,34982.0,0.0,,None,579.0,90.6,70.6,True,14,354,24,0,142,676
CUST-001836,Male,Clerical,36104.0,43.8,41.8,Arrears,0.0,,86.5,True,12,710,24,1,104,489
CUST-001837,Male,Self-Employed,40809.0,0.0,79.1,Current,0.0,,87.5,False,0,0,36,3,45,671
CUST-001838,Male,Professional,63628.0,30.5,83.4,Current,0.0,,69.9,False,0,0,24,1,95,660
CUST-001839,Female,Self-Employed,14241.0,52.1,60.5,Current,0.0,,89.5,True,19,1733,36,1,155,561
CUST-001840,Female,Clerical,13691.0,47.4,71.5,Current,0.0,,84.8,False,0,0,12,0,50,633
CUST-001841,Male,Self-Employed,23182.0,9.0,88.7,Current,0.0,,76.6,True,14,279,12,1,107,704
CUST-001842,Female,Skilled,27914.0,11.6,78.8,Arrears,0.0,,90.3,False,0,0,24,1,49,530
CUST-001843,Male,Skilled,35241.0,21.2,85.6,Current,0.0,,95.7,False,0,0,24,0,104,690
CUST-001844,Female,Skilled,34249.0,38.7,77.6,None,1383.0,90.7,85.2,False,0,0,48,0,74,673
CUST-001845,Male,Unemployed,13343.0,0.0,94.7,None,785.0,77.9,93.8,False,0,0,48,1,139,702
CUST-001846,Female,Skilled,49619.0,34.7,80.1,None,1112.0,73.5,78.3,True,14,2052,36,3,156,671
CUST-001847,Male,Self-Employed,21802.0,41.2,78.6,None,1112.0,56.3,97.6,True,14,1190,36,0,41,655
CUST-001848,Female,Self-Employed,35943.0,29.3,81.3,Current,0.0,,79.9,True,8,1639,36,2,80,643
CUST-001849,Male,Clerical,18370.0,45.5,96.8,Current,0.0,,98.0,True,12,1704,48,0,63,714
CUST-001850,Female,Clerical,24718.0,39.5,82.9,None,837.0,62.2,99.2,True,19,1370,36,1,106,665
CUST-001851,Male,Clerical,31095.0,24.2,63.4,None,1064.0,87.0,77.2,True,8,1635,12,0,202,666
CUST-001852,Female,Clerical,8000.0,0.0,86.8,Current,0.0,,73.6,False,0,0,48,4,64,627
CUST-001853,Female,Clerical,79623.0,37.7,,Current,0.0,,98.1,False,0,0,36,3,165,658
CUST-001854,Female,Clerical,34713.0,15.9,90.5,Current,0.0,,92.3,True,12,1906,60,2,75,654
CUST-001855,Female,Skilled,22635.0,23.4,99.6,None,630.0,80.0,92.7,False,0,0,48,2,83,641
CUST-001856,Other,Professional,102469.0,44.6,88.8,None,956.0,86.2,90.3,True,17,192,24,0,112,683
CUST-001857,Male,Self-Employed,27611.0,63.3,87.3,Current,0.0,,86.6,True,10,880,60,1,108,620
CUST-001858,Male,Clerical,28556.0,34.2,91.4,Current,0.0,,71.7,True,10,1112,12,1,150,690
CUST-001859,Male,Self-Employed,25929.0,46.1,91.3,Current,0.0,,94.6,True,13,745,36,2,117,655
CUST-001860,Male,Professional,90527.0,6.1,92.4,Arrears,0.0,,85.3,True,9,1973,36,0,101,664
CUST-001861,Female,Skilled,28228.0,39.9,82.1,None,743.0,56.0,87.0,True,11,79,48,1,49,682
CUST-001862,Other,Professional,,33.8,63.9,None,769.0,80.5,92.6,True,15,271,36,3,69,649
CUST-001863,Other,Self-Employed,55494.0,59.6,82.2,None,699.0,86.9,87.0,True,18,1394,24,0,147,634
CUST-001864,Female,Clerical,35007.0,24.2,80.9,None,649.0,77.9,90.0,True,12,186,12,1,91,677
CUST-001865,Female,Unemployed,8000.0,30.2,82.5,None,700.0,77.3,71.0,False,0,0,36,2,81,581
CUST-001866,Female,Clerical,44341.0,56.2,85.1,None,1349.0,85.2,76.9,True,11,1894,36,1,123,646
CUST-001867,Female,Skilled,92747.0,33.2,85.2,None,1063.0,90.1,94.8,True,11,1800,24,1,114,664
CUST-001868,Male,Clerical,,12.8,90.4,Current,0.0,,83.3,True,11,1716,36,1,123,673
CUST-001869,Female,Skilled,31190.0,86.0,95.2,None,1144.0,92.6,,True,15,776,36,2,77,612
CUST-001870,Female,Skilled,31955.0,13.4,95.3,Current,0.0,,93.0,True,19,392,12,0,70,683
CUST-001871,Male,Clerical,48518.0,33.7,95.8,None,1263.0,92.7,,True,17,720,12,1,61,644
CUST-001872,Male,Professional,32872.0,41.9,92.7,None,1239.0,62.8,82.3,False,0,0,48,0,35,625
CUST-001873,Other,Professional,,40.4,73.7,None,1521.0,89.9,98.8,False,0,0,36,2,93,600
CUST-001874,Other,Professional,21551.0,31.2,80.8,None,1153.0,33.8,62.7,False,0,0,36,1,108,643
CUST-001875,Female,Unemployed,8000.0,31.3,80.5,None,981.0,89.4,90.0,False,0,0,36,2,101,659
CUST-001876,Female,Clerical,21311.0,30.3,95.5,Current,0.0,,99.0,True,8,483,12,0,133,688
CUST-001877,Male,Professional,41975.0,12.7,90.7,Current,0.0,,77.0,True,17,584,24,0,86,720
CUST-001878,Male,Unemployed,17892.0,78.0,97.5,None,731.0,93.7,62.6,True,11,342,48,0,130,605
CUST-001879,Female,Professional,54787.0,30.6,90.5,None,831.0,96.1,80.9,True,16,1905,12,1,97,673
CUST-001880,Female,Clerical,17847.0,46.9,92.6,None,1261.0,80.5,69.3,True,12,1999,12,0,46,674
CUST-001881,Female,Self-Employed,23266.0,28.3,46.2,Current,0.0,,85.1,True,12,465,36,0,97,592
CUST-001882,Female,Unskilled,37457.0,27.9,95.9,None,561.0,84.0,84.5,False,0,0,48,1,57,696
CUST-001883,Male,Self-Employed,53600.0,25.9,85.1,None,921.0,83.2,,True,7,616,24,4,92,621
CUST-001884,Female,Skilled,29971.0,4.0,94.7,Current,0.0,,96.0,False,0,0,36,1,126,713
CUST-001885,Male,Unemployed,8000.0,31.8,72.0,Current,0.0,,93.5,False,0,0,60,0,18,582
CUST-001886,Male,Professional,71412.0,26.9,50.6,Current,0.0,,95.6,True,16,1388,48,0,59,632
CUST-001887,Male,Unemployed,8000.0,58.4,78.1,None,1261.0,82.1,95.8,True,9,1785,36,1,75,603
CUST-001888,Male,Unskilled,24070.0,11.1,75.8,None,1210.0,64.4,97.4,True,10,963,24,1,59,672
CUST-001889,Female,Unskilled,56107.0,23.5,93.6,None,956.0,97.9,90.9,True,9,1378,36,1,140,693
CUST-001890,Male,Clerical,,17.0,81.2,Current,0.0,,89.5,False,0,0,60,0,157,687
CUST-001891,Male,Professional,30363.0,63.9,74.2,Current,0.0,,56.2,False,0,0,36,0,74,618
CUST-001892,Female,Self-Employed,,17.6,53.6,None,855.0,80.9,99.2,True,12,2171,60,1,111,600
CUST-001893,Female,Skilled,23952.0,46.2,85.8,Current,0.0,,90.8,True,13,369,36,0,42,561
CUST-001894,Male,Skilled,15803.0,54.4,,Current,0.0,,82.1,False,0,0,12,0,86,580
CUST-001895,Male,Unskilled,27661.0,32.1,84.6,Current,0.0,,78.5,True,15,613,24,3,54,631
CUST-001896,Male,Skilled,48939.0,7.5,78.4,None,551.0,63.8,69.9,False,0,0,60,2,67,655
CUST-001897,Female,Clerical,23391.0,7.7,62.9,None,478.0,90.1,84.7,True,11,1019,12,2,75,595
CUST-001898,Male,Clerical,22703.0,52.2,86.0,None,761.0,77.4,73.6,True,15,915,36,2,54,600
CUST-001899,Male,Professional,27926.0,9.8,98.7,Current,0.0,,75.4,True,15,874,24,0,94,690
CUST-001900,Male,Professional,40237.0,42.8,94.0,None,983.0,82.0,65.8,True,12,1116,24,0,88,614
CUST-001901,Female,Professional,33421.0,37.3,98.6,None,1512.0,94.1,68.6,True,12,477,36,0,65,651
CUST-001902,Male,Unskilled,12802.0,42.5,94.1,Current,0.0,,69.0,True,17,654,24,0,53,651
CUST-001903,Female,Self-Employed,75644.0,,98.3,Current,0.0,,90.7,True,14,182,60,1,125,694
CUST-001904,Male,Skilled,36506.0,16.3,73.6,Current,0.0,,79.7,False,0,0,24,0,115,625
CUST-001905,Female,Clerical,34807.0,15.5,81.1,Current,0.0,,89.8,True,12,1358,48,4,89,687
CUST-001906,Male,Self-Employed,48043.0,49.3,93.1,Current,0.0,,99.9,False,0,0,12,0,117,654
CUST-001907,Male,Unskilled,28546.0,22.4,83.3,Current,0.0,,84.0,True,13,485,24,0,52,664
CUST-001908,Male,Unskilled,16754.0,0.0,91.4,None,857.0,44.9,90.6,False,0,0,24,2,49,691
CUST-001909,Female,Skilled,33455.0,48.0,87.6,None,551.0,80.5,80.3,True,13,932,24,4,66,613
CUST-001910,Female,Unskilled,17877.0,14.3,78.2,None,722.0,91.1,87.1,False,0,0,36,0,45,640
CUST-001911,Male,Skilled,36048.0,44.3,68.8,None,852.0,48.1,53.1,True,15,1809,24,0,33,537
CUST-001912,Male,Skilled,34512.0,62.9,86.4,Current,0.0,,98.3,True,10,54,12,0,77,666
CUST-001913,Female,Unskilled,16986.0,35.3,88.5,Current,0.0,,,False,0,0,48,3,53,583
CUST-001914,Female,Clerical,14792.0,54.9,95.0,None,627.0,77.7,91.8,True,20,1190,36,1,62,653
CUST-001915,Male,Clerical,28733.0,38.1,82.6,Current,0.0,,97.0,False,0,0,60,2,57,656
CUST-001916,Male,Clerical,24540.0,66.7,88.2,Current,0.0,,84.4,False,0,0,48,2,65,562
CUST-001917,Female,Skilled,12640.0,13.8,94.2,Current,0.0,,82.9,True,14,1354,36,0,74,643
CUST-001918,Female,Skilled,37189.0,34.8,46.9,Arrears,0.0,,43.4,True,15,1347,36,1,110,478
CUST-001919,Female,Self-Employed,49848.0,48.5,94.4,None,1026.0,82.1,90.2,False,0,0,60,0,142,713
CUST-001920,Female,Clerical,83932.0,31.2,92.4,None,910.0,62.0,66.1,False,0,0,24,0,100,683
CUST-001921,Female,Professional,36097.0,58.0,70.4,None,1208.0,77.6,73.3,True,15,1264,36,2,63,579
CUST-001922,Male,Unskilled,15834.0,26.4,88.5,Current,0.0,,83.7,False,0,0,24,1,33,620
CUST-001923,Male,Clerical,16330.0,76.4,83.6,None,1053.0,67.9,86.2,False,0,0,24,0,175,648
CUST-001924,Male,Unskilled,22164.0,77.4,96.4,Current,0.0,,87.7,True,8,747,48,1,107,603
CUST-001925,Male,Professional,47148.0,40.6,94.0,None,1072.0,63.2,94.7,False,0,0,24,1,96,653
CUST-001926,Male,Skilled,20542.0,46.1,89.1,Current,0.0,,93.2,True,19,1633,12,2,42,587
CUST-001927,Male,Skilled,27353.0,58.8,74.1,Current,0.0,,96.5,True,11,1972,36,1,31,559
CUST-001928,Female,Unskilled,8283.0,11.3,88.8,None,841.0,86.1,42.9,False,0,0,48,0,28,661
CUST-001929,Male,Professional,65308.0,8.8,61.0,Current,0.0,,61.1,False,0,0,60,0,83,642
CUST-001930,Male,Unskilled,14264.0,60.1,90.4,Current,0.0,,94.3,True,10,308,36,2,53,576
CUST-001931,Female,Skilled,29136.0,40.5,72.5,Current,0.0,,85.6,False,0,0,24,2,58,554
CUST-001932,Female,Skilled,15573.0,30.5,83.0,Current,0.0,,93.8,True,13,519,36,2,55,616
CUST-001933,Female,Skilled,22771.0,35.2,81.5,Current,0.0,,84.5,True,10,1987,24,0,115,630
CUST-001934,Female,Professional,37956.0,0.0,95.1,None,662.0,88.2,59.5,True,12,897,24,1,50,652
CUST-001935,Female,Skilled,29444.0,31.2,68.2,Current,0.0,,83.8,True,14,2024,48,2,38,575
CUST-001936,Male,Clerical,33386.0,19.9,73.6,None,250.0,97.0,46.0,True,13,1138,48,3,53,598
CUST-001937,Male,Clerical,51410.0,53.4,86.4,None,1429.0,88.3,85.4,True,14,71,24,2,63,593
CUST-001938,Female,Skilled,41152.0,54.9,99.2,None,448.0,56.4,98.3,False,0,0,24,1,70,648
CUST-001939,Male,Skilled,45628.0,46.5,86.7,Current,0.0,,87.8,False,0,0,60,2,48,650
CUST-001940,Male,Professional,82516.0,42.9,87.3,None,978.0,60.7,86.5,True,6,1392,24,2,125,662
CUST-001941,Male,Professional,55624.0,5.1,84.0,Arrears,0.0,,53.1,True,18,829,24,1,72,559
CUST-001942,Male,Professional,42340.0,46.8,89.4,None,751.0,85.1,59.0,False,0,0,24,0,81,670
CUST-001943,Male,Professional,67786.0,47.6,65.8,None,250.0,61.1,27.5,True,10,1674,24,0,100,603
CUST-001944,Male,Skilled,47962.0,59.9,48.5,None,752.0,98.8,96.0,True,11,1161,24,1,78,568
CUST-001945,Female,Professional,57633.0,77.4,71.6,None,784.0,46.5,99.8,True,10,1746,36,0,42,612
CUST-001946,Female,Unskilled,10485.0,1.1,78.8,None,250.0,48.9,68.2,False,0,0,24,1,102,653
CUST-001947,Male,Professional,29476.0,27.2,84.5,Current,0.0,,87.6,True,13,370,36,0,130,679
CUST-001948,Female,Professional,38037.0,20.2,74.0,None,527.0,96.4,86.8,False,0,0,24,2,52,586
CUST-001949,Male,Unskilled,28657.0,38.5,88.6,None,1045.0,72.1,75.3,False,0,0,24,0,57,618
CUST-001950,Female,Clerical,26646.0,35.3,91.4,None,776.0,79.5,66.0,False,0,0,24,0,52,693
CUST-001951,Female,Clerical,44873.0,30.3,86.1,None,1438.0,82.1,59.2,False,0,0,36,1,51,608
CUST-001952,Male,Unemployed,14587.0,55.6,66.2,Arrears,0.0,,49.3,False,0,0,24,0,97,494
CUST-001953,Female,Unemployed,,13.0,86.3,None,979.0,57.7,89.6,False,0,0,12,4,87,684
CUST-001954,Other,Self-Employed,55538.0,14.2,97.6,Current,0.0,,77.3,True,12,872,60,1,72,715
CUST-001955,Female,Professional,26994.0,14.5,87.6,Current,0.0,,86.9,False,0,0,24,0,56,679
CUST-001956,Other,Skilled,36772.0,27.8,74.9,None,789.0,96.4,94.5,True,19,1680,48,0,90,634
CUST-001957,Female,Unemployed,8000.0,10.4,96.7,Current,0.0,,65.9,True,9,1018,60,2,60,632
CUST-001958,Male,Unemployed,8000.0,34.0,97.5,None,1031.0,62.7,72.2,True,12,632,12,0,76,643
CUST-001959,Female,Professional,,31.7,78.1,Current,0.0,,97.5,False,0,0,12,1,66,652
CUST-001960,Female,Clerical,48832.0,19.3,89.2,Current,0.0,,98.1,True,14,1689,24,3,93,707
CUST-001961,Female,Clerical,33102.0,52.5,55.7,None,1043.0,68.9,83.1,True,9,2115,48,2,116,582
CUST-001962,Male,Professional,106726.0,33.8,95.8,Current,0.0,,96.5,False,0,0,36,0,114,722
CUST-001963,Female,Self-Employed,34964.0,56.3,94.3,None,1103.0,96.6,87.4,False,0,0,24,2,148,649
CUST-001964,Male,Clerical,80944.0,31.1,82.8,Arrears,0.0,,63.1,True,18,1666,12,0,114,616
CUST-001965,Female,Clerical,29141.0,34.5,93.6,Arrears,0.0,,84.2,True,17,1967,12,0,33,578
CUST-001966,Male,Professional,43483.0,23.7,91.8,None,1010.0,79.9,63.0,False,0,0,36,1,80,657
CUST-001967,Female,Skilled,16640.0,34.9,94.5,None,847.0,97.5,76.9,False,0,0,36,1,94,620
CUST-001968,Female,Professional,70952.0,49.2,92.6,Current,0.0,,88.5,False,0,0,24,0,113,717
CUST-001969,Male,Clerical,21462.0,26.8,52.3,None,859.0,77.0,63.3,True,16,1258,24,1,96,579
CUST-001970,Female,Professional,32171.0,45.4,94.6,Current,0.0,,86.5,True,14,363,48,1,84,658
CUST-001971,Male,Unemployed,14365.0,18.7,82.7,None,975.0,82.2,87.2,False,0,0,48,1,134,647
CUST-001972,Other,Professional,72490.0,50.2,76.6,None,671.0,69.0,84.5,True,8,2199,24,1,127,635
CUST-001973,Female,Skilled,49253.0,23.4,70.5,Current,0.0,,98.6,False,0,0,36,1,90,669
CUST-001974,Male,Professional,36571.0,52.0,95.7,Current,0.0,,82.3,False,0,0,48,0,92,623
CUST-001975,Male,Professional,42069.0,36.2,85.6,Current,0.0,,95.3,True,15,1228,24,2,181,646
CUST-001976,Male,Professional,41901.0,65.4,96.1,Current,0.0,,65.9,False,0,0,24,0,142,695
CUST-001977,Male,Professional,61214.0,11.9,58.7,None,1432.0,66.1,71.2,True,22,998,24,2,88,654
CUST-001978,Female,Professional,86605.0,5.5,55.9,None,1163.0,55.0,89.9,False,0,0,12,3,118,672
CUST-001979,Female,Skilled,34926.0,22.7,84.6,None,942.0,59.9,90.7,True,17,1550,12,3,144,634
CUST-001980,Male,Skilled,71970.0,7.3,79.1,None,1316.0,33.2,69.0,False,0,0,48,0,72,695
CUST-001981,Female,Professional,64456.0,7.3,96.8,None,603.0,83.5,84.5,True,13,480,48,2,83,705
CUST-001982,Male,Skilled,26626.0,47.4,85.9,Current,0.0,,66.8,True,11,84,36,0,116,627
CUST-001983,Female,Skilled,42969.0,34.9,78.2,None,712.0,91.7,90.6,True,15,1962,48,3,64,618
CUST-001984,Male,Clerical,57970.0,25.4,89.4,None,1451.0,95.7,81.2,False,0,0,60,0,86,649
CUST-001985,Female,Clerical,66120.0,27.3,89.4,Current,0.0,,84.5,False,0,0,36,1,105,633
CUST-001986,Female,Professional,73431.0,23.1,59.1,None,324.0,93.6,68.0,False,0,0,60,0,132,666
CUST-001987,Male,Clerical,27216.0,68.0,86.0,Arrears,0.0,,56.0,False,0,0,60,3,45,484
CUST-001988,Female,Skilled,26844.0,20.3,54.2,None,765.0,68.2,75.6,True,18,1289,24,2,112,609
CUST-001989,Other,Unemployed,10459.0,8.6,94.3,None,680.0,86.9,96.4,False,0,0,60,1,74,701
CUST-001990,Male,Unemployed,17142.0,50.9,79.1,Current,0.0,,70.3,True,15,1068,60,0,80,623
CUST-001991,Male,Unemployed,9811.0,30.7,75.2,Current,0.0,,99.1,False,0,0,24,1,30,652
CUST-001992,Female,Clerical,33009.0,,72.8,Current,0.0,,73.8,True,14,1398,36,2,79,597
CUST-001993,Male,Professional,44052.0,24.5,81.4,None,568.0,89.6,78.3,False,0,0,24,4,56,621
CUST-001994,Male,Clerical,23213.0,51.9,81.4,None,903.0,50.0,66.0,True,17,237,24,1,144,628
CUST-001995,Male,Clerical,25010.0,56.6,79.2,Current,0.0,,88.1,True,13,1703,36,3,67,592
CUST-001996,Female,Professional,45750.0,24.6,96.1,None,966.0,90.3,99.1,True,9,1497,12,0,141,677
CUST-001997,Male,Professional,93260.0,20.1,28.9,Current,0.0,,66.5,True,21,1090,36,0,117,643
CUST-001998,Male,Skilled,26567.0,49.8,83.2,None,1012.0,50.7,96.3,True,14,1733,36,0,132,669
CUST-001999,Female,Clerical,27548.0,46.5,97.6,None,428.0,58.2,83.0,False,0,0,12,1,34,589
CUST-002000,Female,Professional,29161.0,6.8,62.1,None,598.0,80.5,59.4,False,0,0,36,4,55,629
